Workbook
Name Индексы: Содержание!$B$3

Sheet Содержание
A1: Содержание:
A3: 1. | B3: Индексы физического объема валового регионального продукта и валовой добавленной стоимости по отраслям экономики субъектов Российской Федерации 2017-2024 гг.:
B4: 2017 год | C4: 2018 год | D4: 2019 год | E4: 2020 год | F4: 2021 год | G4: 2022 год | I4: 2023 год | K4: 2024 год
A6: 2. | B6: Валовая добавленная стоимость по отралям экономики субъектов Российской Федерации за 2016-2024 гг.:
B7: 2016 год | C7: 2017 год | D7: 2018 год | E7: 2019 год | F7: 2020 год | G7: 2021 год | I7: 2022 год | K7: 2023 год | L7: 2024 год
A9: 3. | B9: Отраслевая структура валовой добавленной стоимости субъектов Российской Федерации 2016-2024 гг.:
B10: 2016 год | C10: 2017 год | D10: 2018 год | E10: 2019 год | F10: 2020 год | G10: 2021 год | I10: 2022 год | K10: 2023 год | L10: 2024 год
A12: 4. | B12: Валовой региональный продукт (в постоянных ценах 2016 года) и валовая добавленная стоимость по отралям экономики (в постоянных ценах 2016 года) субъектов Российской Федерации за 2016-2022 гг.:
B13: 2016 год | C13: 2017 год | D13: 2018 год | E13: 2019 год | F13: 2020 год | G13: 2021 год | I13: 2022 год
A15: 5. | B15: Валовой региональный продукт (в постоянных ценах 2021 года) и валовая добавленная стоимость по отралям экономики (в постоянных ценах 2021 года) субъектов Российской Федерации за 2021-2024 гг.:
B16: 2021 год | C16: 2022 год | D16: 2023 год | E16: 2024 год
A18: 6. | B18: Справочная информация о последующих публикациях
B19: Ответственный исполнитель:
B20: Баранов Александр Олегович
B21: 8 (495) 568-00-42 (доб. 99-927)
B24: Обновлено: 05.03.2026 г.

Sheet 1. 2017
A1: К содержанию
A2: Индексы физического объема валового регионального продукта и валовой добавленной стоимости по отраслям экономики в 2017 году1)2) (в процентах к предыдущему году)
B3: Валовой региональный продукт (валовая добавленная стоимость в основных ценах) | C3: Раздел A | D3: Раздел B | E3: Раздел C | F3: Раздел D | G3: Раздел E | H3: Раздел F | I3: Раздел G | J3: Раздел H | K3: Раздел I | L3: Раздел J | M3: Раздел K | N3: Раздел L | Q3: Раздел M | R3: Раздел N | S3: Раздел О | T3: Раздел P | U3: Раздел Q | V3: Раздел R | W3: Раздел S | X3: Раздел T
N4: Деятельность по операциям с недвижимым имуществом | O4: в том числе:
C5: Сельское, лесное хозяйство, охота, рыболовство и рыбоводство | D5: Добыча полезных ископаемых | E5: Обрабатывающие производства | F5: Обеспечение электрической энергией, газом и паром; кондиционирование воздуха | G5: Водоснабжение; водоотведение, организация сбора и утилизация отходов, деятельность по ликвидации загрязнений | H5: Строительство | I5: Торговля оптовая и розничная; ремонт автотранспортных средств и мотоциклов | J5: Транспортировка и хранение | K5: Деятельность гостиниц и предприятий общественного питания | L5: Деятельность в области информации и связи | M5: Деятельность финансовая и страховая | O5: Операции с недвижимым имуществом | P5: Услуги по проживанию в собственном жилище | Q5: Деятельность профессиональная, научная и техническая | R5: Деятельность административная и сопутствующие дополнительные услуги | S5: Государственное управление и обеспечение военной безопасности; социальное обеспечение | T5: Образование | U5: Деятельность в области здравоохранения и социальных услуг | V5: Деятельность в области культуры, спорта, организации досуга и развлечений | W5: Предоставление прочих видов услуг | X5: Деятельность домашних хозяйств как работодателей; недифференцированная деятельность частных домашних хозяйств по производству1)
A6: Российская Федерация из суммы субъектов | B6: 101.9 | C6: 102.20436 | D6: 102.20989 | E6: 103.06041 | F6: 96.363068 | G6: 102.27433 | H6: 96.965408 | I6: 103.3423 | J6: 101.0318 | K6: 100.69358 | L6: 102.07225 | M6: 94.481346 | N6: 105.5163 | O6: 107.38311 | P6: 104.34818 | Q6: 98.231077 | R6: 103.22848 | S6: 100.50452 | T6: 101.68233 | U6: 99.144439 | V6: 109.46895 | W6: 102.88452 | X6: 0
A7: Центральный федеральный округ | B7: 101.9 | C7: 105.11749 | D7: 111.31483 | E7: 102.37838 | F7: 88.150146 | G7: 100.73946 | H7: 90.660211 | I7: 106.62444 | J7: 99.280018 | K7: 93.200148 | L7: 101.22923 | M7: 94.420115 | N7: 106.31075 | O7: 109.77534 | P7: 103.56629 | Q7: 93.912839 | R7: 105.89181 | S7: 100.17905 | T7: 102.01638 | U7: 99.177581 | V7: 124.46465 | W7: 94.1502 | X7: 0
A8: Белгородская область | B8: 104 | C8: 101.7 | D8: 113.5 | E8: 104.2 | F8: 100.5 | G8: 97 | H8: 90.1 | I8: 101.4 | J8: 105.6 | K8: 103.8 | L8: 112.5 | M8: 76.9 | N8: 109.8 | O8: 118.45426 | P8: 106.24107 | Q8: 109.2 | R8: 106.8 | S8: 108.2 | T8: 102 | U8: 99.3 | V8: 106.6 | W8: 106.6 | X8: 0
A9: Брянская область | B9: 104 | C9: 115.2 | D9: 137.6 | E9: 106.9 | F9: 102.8 | G9: 112.4 | H9: 84.6 | I9: 105.1 | J9: 102.7 | K9: 103.1 | L9: 105.1 | M9: 106 | N9: 99 | O9: 99.219064 | P9: 98.918799 | Q9: 105.6 | R9: 82.8 | S9: 98 | T9: 101.8 | U9: 100.4 | V9: 116.6 | W9: 92 | X9: 0
A10: Владимирская область | B10: 100.7 | C10: 104.6 | D10: 129.3 | E10: 96 | F10: 65.3 | G10: 107.7 | H10: 103.5 | I10: 120.9 | J10: 103.9 | K10: 94.7 | L10: 117.2 | M10: 97.5 | N10: 99.4 | O10: 92.88477 | P10: 103.24142 | Q10: 109.5 | R10: 95.2 | S10: 94.9 | T10: 104.9 | U10: 98.8 | V10: 103.2 | W10: 117.5 | X10: 0
A11: Воронежская область | B11: 102.4 | C11: 108.2 | D11: 128.6 | E11: 96.2 | F11: 81.3 | G11: 114.6 | H11: 104.1 | I11: 107.1 | J11: 98.8 | K11: 103.5 | L11: 126.8 | M11: 96.7 | N11: 101.8 | O11: 101.79626 | P11: 101.80744 | Q11: 100 | R11: 98.2 | S11: 101.6 | T11: 99.2 | U11: 100.4 | V11: 98.2 | W11: 108 | X11: 0
A12: Ивановская область | B12: 99.5 | C12: 74.9 | D12: 50.5 | E12: 108.4 | F12: 99.9 | G12: 112.1 | H12: 96.4 | I12: 88.9 | J12: 146.6 | K12: 103.2 | L12: 98.1 | M12: 159.6 | N12: 98.3 | O12: 96.961714 | P12: 99.024026 | Q12: 84.9 | R12: 88.8 | S12: 97.8 | T12: 98.7 | U12: 99.4 | V12: 90.5 | W12: 168.7 | X12: 0
A13: Калужская область | B13: 105.4 | C13: 111.9 | D13: 106.3 | E13: 114.8 | F13: 97.9 | G13: 114.8 | H13: 85.2 | I13: 99.4 | J13: 97.4 | K13: 121.5 | L13: 77.9 | M13: 113 | N13: 106.8 | O13: 116.976 | P13: 102.65325 | Q13: 103.2 | R13: 127.9 | S13: 100.3 | T13: 98.8 | U13: 98.9 | V13: 93.2 | W13: 97.7 | X13: 0
A14: Костромская область | B14: 102.3 | C14: 104.5 | D14: 60 | E14: 107.3 | F14: 103.5 | G14: 107.7 | H14: 89.2 | I14: 97.3 | J14: 98.9 | K14: 100.6 | L14: 100.7 | M14: 85.5 | N14: 103.8 | O14: 100.88382 | P14: 105.4071 | Q14: 109 | R14: 120.9 | S14: 104.8 | T14: 99.9 | U14: 100.1 | V14: 97.7 | W14: 104 | X14: 0
A15: Курская область | B15: 102.8 | C15: 107.9 | D15: 101.2 | E15: 105.9 | F15: 104.1 | G15: 112.2 | H15: 82.8 | I15: 103.5 | J15: 106.9 | K15: 124.4 | L15: 90.3 | M15: 83.4 | N15: 105.9 | O15: 99.620167 | P15: 109.24691 | Q15: 90 | R15: 102.9 | S15: 99.4 | T15: 102.6 | U15: 101.5 | V15: 100.4 | W15: 105.1 | X15: 0
A16: Липецкая область | B16: 101.1 | C16: 103.5 | D16: 91.2 | E16: 98.1 | F16: 112.7 | G16: 64.3 | H16: 90.6 | I16: 100.5 | J16: 128.8 | K16: 99.8 | L16: 108.3 | M16: 85.6 | N16: 113 | O16: 141.24917 | P16: 103.8493 | Q16: 103.7 | R16: 99.1 | S16: 100 | T16: 100.3 | U16: 97.2 | V16: 93.9 | W16: 106.1 | X16: 0
A17: Московская область | B17: 101.9 | C17: 92.2 | D17: 124 | E17: 110.1 | F17: 83.6 | G17: 116.6 | H17: 75.2 | I17: 102.7 | J17: 97.3 | K17: 83 | L17: 112.9 | M17: 79.8 | N17: 100.9 | O17: 94.307996 | P17: 105.31466 | Q17: 103.6 | R17: 158.5 | S17: 103.7 | T17: 104.5 | U17: 95.3 | V17: 121.5 | W17: 90.3 | X17: 0
... A101: Чукотский автономный округ | B101: 100.1 | C101: 270 | D101: 86.9 | E101: 102.8 | F101: 123.8 | G101: 96 | H101: 82.2 | I101: 120.6 | J101: 138.9 | K101: 144.4 | L101: 64.2 | M101: 391.7 | N101: 140.4 | O101: 179.83161 | P101: 129.7499 | Q101: 74.8 | R101: 156.9 | S101: 102.4 | T101: 101 | U101: 96.5 | V101: 101.1 | W101: 130.5 | X101: 0
A103: 1) Данные динамического ряда, начиная с 2016 года, содержат изменения, связанные с внедрением международной методологии оценки жилищных услуг, производимых и потребляемых собственниками жилья; оценкой потребления основного капитала, исходя из его текущей рыночной стоимости.
A104: 2)Данные динамического ряда, начиная с 2017 года, содержат изменения, связанные с включением в формирование показателей деятельности: кредитных организаций; финансовых услуг, кроме услуг по страхованию и пенсионному обеспечению; негосударственных пенсионных фондов; вспомогательной в сфере финансовых услуг и страхования.

Sheet 1. 2018
A1: К содержанию
A2: Индексы физического объема валового регионального продукта и валовой добавленной стоимости по отраслям экономики в 2018 году1)2) (в процентах к предыдущему году)
B3: Валовой региональный продукт (валовая добавленная стоимость в основных ценах) | C3: Раздел A | D3: Раздел B | E3: Раздел C | F3: Раздел D | G3: Раздел E | H3: Раздел F | I3: Раздел G | J3: Раздел H | K3: Раздел I | L3: Раздел J | M3: Раздел K | N3: Раздел L | Q3: Раздел M | R3: Раздел N | S3: Раздел О | T3: Раздел P | U3: Раздел Q | V3: Раздел R | W3: Раздел S | X3: Раздел T
N4: Деятельность по операциям с недвижимым имуществом | O4: в том числе:
C5: Сельское, лесное хозяйство, охота, рыболовство и рыбоводство | D5: Добыча полезных ископаемых | E5: Обрабатывающие производства | F5: Обеспечение электрической энергией, газом и паром; кондиционирование воздуха | G5: Водоснабжение; водоотведение, организация сбора и утилизация отходов, деятельность по ликвидации загрязнений | H5: Строительство | I5: Торговля оптовая и розничная; ремонт автотранспортных средств и мотоциклов | J5: Транспортировка и хранение | K5: Деятельность гостиниц и предприятий общественного питания | L5: Деятельность в области информации и связи | M5: Деятельность финансовая и страховая | O5: Операции с недвижимым имуществом | P5: Услуги по проживанию в собственном жилище | Q5: Деятельность профессиональная, научная и техническая | R5: Деятельность административная и сопутствующие дополнительные услуги | S5: Государственное управление и обеспечение военной безопасности; социальное обеспечение | T5: Образование | U5: Деятельность в области здравоохранения и социальных услуг | V5: Деятельность в области культуры, спорта, организации досуга и развлечений | W5: Предоставление прочих видов услуг | X5: Деятельность домашних хозяйств как работодателей; недифференцированная деятельность частных домашних хозяйств по производству1)
A6: Российская Федерация из суммы субъектов | B6: 103 | C6: 102.02481 | D6: 105.99932 | E6: 103.63234 | F6: 99.638618 | G6: 103.18964 | H6: 99.632613 | I6: 101.43922 | J6: 101.7648 | K6: 107.33797 | L6: 107.84628 | M6: 109.24845 | N6: 103.56243 | O6: 104.55762 | P6: 102.88484 | Q6: 101.29126 | R6: 102.98798 | S6: 101.39261 | T6: 101.26182 | U6: 100.36344 | V6: 101.50183 | W6: 109.48476 | X6: 0
A7: Центральный федеральный округ | B7: 103.7 | C7: 106.05851 | D7: 108.82374 | E7: 105.12131 | F7: 97.521429 | G7: 100.53061 | H7: 98.124164 | I7: 101.20741 | J7: 100.83106 | K7: 116.19933 | L7: 111.14697 | M7: 118.33294 | N7: 102.29551 | O7: 102.36734 | P7: 102.22992 | Q7: 100.05169 | R7: 105.31715 | S7: 101.12368 | T7: 101.63 | U7: 100.29404 | V7: 100.77687 | W7: 119.58334 | X7: 0
A8: Белгородская область | B8: 102.5 | C8: 104.7 | D8: 113.2 | E8: 101.2 | F8: 90.1 | G8: 82 | H8: 88.3 | I8: 105.2 | J8: 104 | K8: 97.6 | L8: 98.3 | M8: 114.6 | N8: 96.8 | O8: 88.234112 | P8: 100.88925 | Q8: 92.9 | R8: 99.7 | S8: 102.7 | T8: 100.4 | U8: 98.9 | V8: 94.1 | W8: 106.3 | X8: 0
A9: Брянская область | B9: 103.2 | C9: 103.3 | D9: 103.2 | E9: 102.3 | F9: 103 | G9: 110.5 | H9: 106.4 | I9: 100 | J9: 102.8 | K9: 108.9 | L9: 102.3 | M9: 110.5 | N9: 101.3 | O9: 105.74469 | P9: 99.986932 | Q9: 101.6 | R9: 123.1 | S9: 102.2 | T9: 100.7 | U9: 99.9 | V9: 143.9 | W9: 99.5 | X9: 0
A10: Владимирская область | B10: 100.7 | C10: 101.7 | D10: 94.5 | E10: 103.5 | F10: 95.6 | G10: 106 | H10: 78.6 | I10: 103.2 | J10: 104.7 | K10: 94.6 | L10: 98.9 | M10: 108.5 | N10: 99.3 | O10: 94.529023 | P10: 101.95617 | Q10: 93.4 | R10: 104.1 | S10: 102.1 | T10: 99.9 | U10: 97.9 | V10: 109.4 | W10: 104.4 | X10: 0
A11: Воронежская область | B11: 103.1 | C11: 99.7 | D11: 89.3 | E11: 109.9 | F11: 87.3 | G11: 85.8 | H11: 83.8 | I11: 102.5 | J11: 111.9 | K11: 103 | L11: 119.7 | M11: 114.6 | N11: 109.5 | O11: 124.75277 | P11: 100.95234 | Q11: 111.2 | R11: 108.5 | S11: 102.2 | T11: 101.1 | U11: 99.3 | V11: 109.6 | W11: 89.9 | X11: 0
A12: Ивановская область | B12: 101.7 | C12: 118.8 | D12: 108 | E12: 101.8 | F12: 89 | G12: 118.4 | H12: 305.1 | I12: 94.9 | J12: 72 | K12: 87.8 | L12: 91.7 | M12: 112.3 | N12: 106.6 | O12: 116.28498 | P12: 101.17751 | Q12: 97.4 | R12: 107.5 | S12: 101.9 | T12: 100.1 | U12: 98.8 | V12: 104.9 | W12: 70.9 | X12: 0
A13: Калужская область | B13: 103 | C13: 101.8 | D13: 89.8 | E13: 107.7 | F13: 90.9 | G13: 85.1 | H13: 76.7 | I13: 100.7 | J13: 105.7 | K13: 104.1 | L13: 114.2 | M13: 114.8 | N13: 105.8 | O13: 114.39393 | P13: 101.78343 | Q13: 97.4 | R13: 103.3 | S13: 100.9 | T13: 97.8 | U13: 97.6 | V13: 108.1 | W13: 131.1 | X13: 0
A14: Костромская область | B14: 108.8 | C14: 104.7 | D14: 157.7 | E14: 97.5 | F14: 97.5 | G14: 112.6 | H14: 98.8 | I14: 100.1 | J14: 106.2 | K14: 97.2 | L14: 106.2 | M14: 257.1 | N14: 104.9 | O14: 108.77655 | P14: 102.57007 | Q14: 106.6 | R14: 118.5 | S14: 93.7 | T14: 100.4 | U14: 97.3 | V14: 90.9 | W14: 114.6 | X14: 0
A15: Курская область | B15: 103.1 | C15: 101.6 | D15: 110.9 | E15: 103.6 | F15: 89.4 | G15: 123.8 | H15: 122.7 | I15: 104.5 | J15: 104.6 | K15: 87.8 | L15: 103 | M15: 109.2 | N15: 100.6 | O15: 87.323208 | P15: 107.26275 | Q15: 86.5 | R15: 100.7 | S15: 101.2 | T15: 99.1 | U15: 101.9 | V15: 103.9 | W15: 99.9 | X15: 0
A16: Липецкая область | B16: 101.9 | C16: 106.1 | D16: 100.5 | E16: 105.9 | F16: 92.1 | G16: 107.9 | H16: 85.9 | I16: 100.7 | J16: 87.8 | K16: 147 | L16: 126.5 | M16: 95.8 | N16: 101.5 | O16: 98.958072 | P16: 102.66037 | Q16: 105.4 | R16: 84.6 | S16: 101.7 | T16: 98.5 | U16: 94.1 | V16: 98.8 | W16: 94 | X16: 0
A17: Московская область | B17: 102.3 | C17: 105.3 | D17: 70.5 | E17: 100.3 | F17: 104.8 | G17: 100 | H17: 123 | I17: 106.8 | J17: 97.7 | K17: 118.9 | L17: 114.8 | M17: 130.7 | N17: 102.4 | O17: 104.99042 | P17: 100.67812 | Q17: 86.9 | R17: 86.3 | S17: 94.6 | T17: 102.6 | U17: 99.6 | V17: 99.1 | W17: 108.2 | X17: 0
... A101: Чукотский автономный округ | B101: 103.6 | C101: 96.3 | D101: 97.2 | E101: 69.1 | F101: 100.9 | G101: 84 | H101: 151.4 | I101: 108.1 | J101: 92.1 | K101: 132.1 | L101: 129.9 | M101: 111.1 | N101: 140 | O101: 167.91742 | P101: 127.8117 | Q101: 533.9 | R101: 76.3 | S101: 101 | T101: 103.2 | U101: 99.3 | V101: 96.1 | W101: 109.6 | X101: 0
A103: 1) Данные динамического ряда, начиная с 2016 года, содержат изменения, связанные с внедрением международной методологии оценки жилищных услуг, производимых и потребляемых собственниками жилья; оценкой потребления основного капитала, исходя из его текущей рыночной стоимости.
A104: 2)Данные динамического ряда, начиная с 2017 года, содержат изменения, связанные с включением в формирование показателей деятельности: кредитных организаций; финансовых услуг, кроме услуг по страхованию и пенсионному обеспечению; негосударственных пенсионных фондов; вспомогательной в сфере финансовых услуг и страхования.

Sheet 1. 2019
A1: К содержанию
A2: Индексы физического объема валового регионального продукта и валовой добавленной стоимости по отраслям экономики в 2019 году1)2) (в процентах к предыдущему году)
B3: Валовой региональный продукт (валовая добавленная стоимость в основных ценах) | C3: Раздел A | D3: Раздел B | E3: Раздел C | F3: Раздел D | G3: Раздел E | H3: Раздел F | I3: Раздел G | J3: Раздел H | K3: Раздел I | L3: Раздел J | M3: Раздел K | N3: Раздел L | Q3: Раздел M | R3: Раздел N | S3: Раздел О | T3: Раздел P | U3: Раздел Q | V3: Раздел R | W3: Раздел S | X3: Раздел T
N4: Деятельность по операциям с недвижимым имуществом | O4: в том числе:
C5: Сельское, лесное хозяйство, охота, рыболовство и рыбоводство | D5: Добыча полезных ископаемых | E5: Обрабатывающие производства | F5: Обеспечение электрической энергией, газом и паром; кондиционирование воздуха | G5: Водоснабжение; водоотведение, организация сбора и утилизация отходов, деятельность по ликвидации загрязнений | H5: Строительство | I5: Торговля оптовая и розничная; ремонт автотранспортных средств и мотоциклов | J5: Транспортировка и хранение | K5: Деятельность гостиниц и предприятий общественного питания | L5: Деятельность в области информации и связи | M5: Деятельность финансовая и страховая | O5: Операции с недвижимым имуществом | P5: Услуги по проживанию в собственном жилище | Q5: Деятельность профессиональная, научная и техническая | R5: Деятельность административная и сопутствующие дополнительные услуги | S5: Государственное управление и обеспечение военной безопасности; социальное обеспечение | T5: Образование | U5: Деятельность в области здравоохранения и социальных услуг | V5: Деятельность в области культуры, спорта, организации досуга и развлечений | W5: Предоставление прочих видов услуг | X5: Деятельность домашних хозяйств как работодателей; недифференцированная деятельность частных домашних хозяйств по производству1)
A6: Российская Федерация из суммы субъектов | B6: 102 | C6: 103.89408 | D6: 103.56438 | E6: 101.44056 | F6: 100.51482 | G6: 96.942413 | H6: 102.20192 | I6: 100.15875 | J6: 102.40235 | K6: 101.51699 | L6: 107.37714 | M6: 108.91763 | N6: 99.898478 | O6: 96.216331 | P6: 102.43399 | Q6: 104.46265 | R6: 104.99055 | S6: 98.991556 | T6: 99.906017 | U6: 100.44377 | V6: 106.71036 | W6: 93.868686 | X6: 0
A7: Центральный федеральный округ | B7: 102.7 | C7: 105.91914 | D7: 103.1302 | E7: 101.77701 | F7: 102.86921 | G7: 91.632117 | H7: 116.20056 | I7: 99.942613 | J7: 103.1042 | K7: 97.625527 | L7: 107.33759 | M7: 111.33716 | N7: 96.853172 | O7: 90.367866 | P7: 102.85477 | Q7: 105.48165 | R7: 106.52833 | S7: 101.08625 | T7: 99.243887 | U7: 100.90993 | V7: 114.38283 | W7: 96.97756 | X7: 0
A8: Белгородская область | B8: 101.9 | C8: 102.3 | D8: 102.5 | E8: 98.2 | F8: 91.7 | G8: 129.8 | H8: 106.7 | I8: 103 | J8: 112.9 | K8: 103.4 | L8: 107.3 | M8: 96.3 | N8: 100.8 | O8: 104.84219 | P8: 99.240162 | Q8: 117 | R8: 94.8 | S8: 95 | T8: 102.8 | U8: 99.9 | V8: 102.9 | W8: 99.7 | X8: 0
A9: Брянская область | B9: 102.5 | C9: 106.8 | D9: 116.2 | E9: 100 | F9: 95.9 | G9: 83.7 | H9: 102.9 | I9: 104 | J9: 100.1 | K9: 108.9 | L9: 102.8 | M9: 107.4 | N9: 102.8 | O9: 107.21057 | P9: 101.36192 | Q9: 106.6 | R9: 94.8 | S9: 96.8 | T9: 99 | U9: 101.2 | V9: 122.2 | W9: 107.1 | X9: 0
A10: Владимирская область | B10: 106.3 | C10: 102.1 | D10: 107.2 | E10: 113 | F10: 106.1 | G10: 97.8 | H10: 108.6 | I10: 105.3 | J10: 107.7 | K10: 106.8 | L10: 94.5 | M10: 97.5 | N10: 109.1 | O10: 109.44235 | P10: 108.93779 | Q10: 93.5 | R10: 100.7 | S10: 99.5 | T10: 97.4 | U10: 98.2 | V10: 93.1 | W10: 99.1 | X10: 0
A11: Воронежская область | B11: 101.7 | C11: 102.1 | D11: 115.1 | E11: 100.4 | F11: 101.7 | G11: 117 | H11: 108.2 | I11: 98 | J11: 112 | K11: 108.9 | L11: 95.2 | M11: 112.2 | N11: 91.4 | O11: 76.137038 | P11: 102.0364 | Q11: 100.1 | R11: 126.7 | S11: 96.7 | T11: 99.8 | U11: 100 | V11: 100.6 | W11: 127.9 | X11: 0
A12: Ивановская область | B12: 102.6 | C12: 83.3 | D12: 117.6 | E12: 109 | F12: 111.7 | G12: 88.5 | H12: 106.4 | I12: 100.6 | J12: 97.1 | K12: 103.4 | L12: 100.8 | M12: 106.5 | N12: 100.7 | O12: 100.10967 | P12: 101.13554 | Q12: 144.3 | R12: 117.7 | S12: 94.6 | T12: 98.5 | U12: 97.5 | V12: 112.1 | W12: 84.5 | X12: 0
A13: Калужская область | B13: 102.1 | C13: 116.5 | D13: 99.8 | E13: 100.5 | F13: 106.8 | G13: 88.3 | H13: 112.1 | I13: 99.1 | J13: 106.4 | K13: 103.4 | L13: 95.5 | M13: 93.4 | N13: 99.6 | O13: 94.205538 | P13: 102.53675 | Q13: 112.3 | R13: 142.1 | S13: 98 | T13: 99.7 | U13: 101.3 | V13: 88.8 | W13: 82.4 | X13: 0
A14: Костромская область | B14: 99 | C14: 100 | D14: 101.2 | E14: 104.9 | F14: 116.4 | G14: 102.6 | H14: 101.6 | I14: 99.2 | J14: 108.9 | K14: 106.9 | L14: 97.3 | M14: 80.6 | N14: 92 | O14: 85.188668 | P14: 96.846295 | Q14: 98.1 | R14: 106.8 | S14: 97.5 | T14: 96.7 | U14: 102.4 | V14: 90.7 | W14: 73.6 | X14: 0
A15: Курская область | B15: 102.7 | C15: 103.6 | D15: 101.5 | E15: 106.2 | F15: 95.6 | G15: 92.9 | H15: 119.5 | I15: 102 | J15: 100 | K15: 103.5 | L15: 110.9 | M15: 99.8 | N15: 103.5 | O15: 110.35271 | P15: 101.03141 | Q15: 87 | R15: 94.8 | S15: 96.5 | T15: 99.7 | U15: 99.4 | V15: 98.1 | W15: 104.9 | X15: 0
A16: Липецкая область | B16: 98.3 | C16: 102.4 | D16: 108 | E16: 92.8 | F16: 102.3 | G16: 88.3 | H16: 110.4 | I16: 100.5 | J16: 105.5 | K16: 101 | L16: 104.2 | M16: 110.7 | N16: 101.9 | O16: 100.81336 | P16: 102.4428 | Q16: 100.2 | R16: 92.6 | S16: 97.1 | T16: 99.8 | U16: 100.2 | V16: 101.4 | W16: 107.2 | X16: 0
A17: Московская область | B17: 106.1 | C17: 109.3 | D17: 115.5 | E17: 105.4 | F17: 101.2 | G17: 92.4 | H17: 108 | I17: 105.6 | J17: 111.7 | K17: 105.5 | L17: 124.3 | M17: 105.2 | N17: 103.2 | O17: 97.116965 | P17: 106.63353 | Q17: 116.9 | R17: 126.8 | S17: 100.3 | T17: 105.5 | U17: 100.1 | V17: 104.9 | W17: 98.7 | X17: 0
... A101: Чукотский автономный округ | B101: 104.4 | C101: 158.5 | D101: 106.3 | E101: 137.7 | F101: 101.7 | G101: 103 | H101: 118.7 | I101: 108.1 | J101: 102.9 | K101: 180.2 | L101: 110.3 | M101: 87.1 | N101: 89.8 | O101: 71.378782 | P101: 102.81708 | Q101: 12 | R101: 535.4 | S101: 93.3 | T101: 99.4 | U101: 97.4 | V101: 80.8 | W101: 93.9 | X101: 0
A103: 1) Данные динамического ряда, начиная с 2016 года, содержат изменения, связанные с внедрением международной методологии оценки жилищных услуг, производимых и потребляемых собственниками жилья; оценкой потребления основного капитала, исходя из его текущей рыночной стоимости.
A104: 2)Данные динамического ряда, начиная с 2017 года, содержат изменения, связанные с включением в формирование показателей деятельности: кредитных организаций; финансовых услуг, кроме услуг по страхованию и пенсионному обеспечению; негосударственных пенсионных фондов; вспомогательной в сфере финансовых услуг и страхования.

Sheet 1. 2020
A1: К содержанию
A2: Индексы физического объема валового регионального продукта и валовой добавленной стоимости по отраслям экономики в 2020 году1)2) (в процентах к предыдущему году)
B3: Валовой региональный продукт (валовая добавленная стоимость в основных ценах) | C3: Раздел A | D3: Раздел B | E3: Раздел C | F3: Раздел D | G3: Раздел E | H3: Раздел F | I3: Раздел G | J3: Раздел H | K3: Раздел I | L3: Раздел J | M3: Раздел K | N3: Раздел L | Q3: Раздел M | R3: Раздел N | S3: Раздел О | T3: Раздел P | U3: Раздел Q | V3: Раздел R | W3: Раздел S | X3: Раздел T
N4: Деятельность по операциям с недвижимым имуществом | O4: в том числе:
C5: Сельское, лесное хозяйство, охота, рыболовство и рыбоводство | D5: Добыча полезных ископаемых | E5: Обрабатывающие производства | F5: Обеспечение электрической энергией, газом и паром; кондиционирование воздуха | G5: Водоснабжение; водоотведение, организация сбора и утилизация отходов, деятельность по ликвидации загрязнений | H5: Строительство | I5: Торговля оптовая и розничная; ремонт автотранспортных средств и мотоциклов | J5: Транспортировка и хранение | K5: Деятельность гостиниц и предприятий общественного питания | L5: Деятельность в области информации и связи | M5: Деятельность финансовая и страховая | O5: Операции с недвижимым имуществом | P5: Услуги по проживанию в собственном жилище | Q5: Деятельность профессиональная, научная и техническая | R5: Деятельность административная и сопутствующие дополнительные услуги | S5: Государственное управление и обеспечение военной безопасности; социальное обеспечение | T5: Образование | U5: Деятельность в области здравоохранения и социальных услуг | V5: Деятельность в области культуры, спорта, организации досуга и развлечений | W5: Предоставление прочих видов услуг | X5: Деятельность домашних хозяйств как работодателей; недифференцированная деятельность частных домашних хозяйств по производству1)
A6: Российская Федерация из суммы субъектов | B6: 98.3 | C6: 102.25896 | D6: 92.256918 | E6: 100.7704 | F6: 96.771483 | G6: 102.69222 | H6: 99.655349 | I6: 97.024225 | J6: 92.265472 | K6: 78.097426 | L6: 106.78589 | M6: 111.75848 | N6: 98.905002 | O6: 94.134304 | P6: 102.02418 | Q6: 102.44132 | R6: 94.251867 | S6: 101.5461 | T6: 98.104445 | U6: 99.773775 | V6: 82.766212 | W6: 88.841787 | X6: 0
A7: Центральный федеральный округ | B7: 100.3 | C7: 102.02497 | D7: 103.46307 | E7: 103.25858 | F7: 100.48744 | G7: 107.21845 | H7: 98.89188 | I7: 96.311334 | J7: 85.722739 | K7: 76.831158 | L7: 111.22385 | M7: 115.16825 | N7: 99.13421 | O7: 94.863904 | P7: 102.78329 | Q7: 104.23634 | R7: 90.274443 | S7: 103.50389 | T7: 98.759178 | U7: 101.46839 | V7: 84.090189 | W7: 93.514034 | X7: 0
A8: Белгородская область | B8: 100 | C8: 97.8 | D8: 104.8 | E8: 101.1 | F8: 99.8 | G8: 84.2 | H8: 103.5 | I8: 101.7 | J8: 82.3 | K8: 100.5 | L8: 110.5 | M8: 103.1 | N8: 102.3 | O8: 104.70784 | P8: 101.2543 | Q8: 92.3 | R8: 92.2 | S8: 94.8 | T8: 98.1 | U8: 98.4 | V8: 91 | W8: 98.6 | X8: 0
A9: Брянская область | B9: 99.5 | C9: 97.2 | D9: 86.5 | E9: 102.1 | F9: 96.5 | G9: 103.6 | H9: 126.9 | I9: 97.8 | J9: 96.3 | K9: 67 | L9: 102.2 | M9: 97.3 | N9: 100.3 | O9: 97.259116 | P9: 101.28322 | Q9: 92 | R9: 91.4 | S9: 99.6 | T9: 96.5 | U9: 101.4 | V9: 108.2 | W9: 87.9 | X9: 0
A10: Владимирская область | B10: 99.8 | C10: 100.3 | D10: 110.8 | E10: 105.9 | F10: 92.3 | G10: 107 | H10: 102.2 | I10: 93 | J10: 90.2 | K10: 82.8 | L10: 97.2 | M10: 110.9 | N10: 97.2 | O10: 91.480846 | P10: 100.382 | Q10: 102.1 | R10: 100.7 | S10: 99.7 | T10: 94.6 | U10: 98.6 | V10: 91.8 | W10: 90.9 | X10: 0
A11: Воронежская область | B11: 97.8 | C11: 100.5 | D11: 96.9 | E11: 108.9 | F11: 125.4 | G11: 112.5 | H11: 85.7 | I11: 94.6 | J11: 69.5 | K11: 83.9 | L11: 101.3 | M11: 108.3 | N11: 99 | O11: 85.373263 | P11: 105.6308 | Q11: 116.5 | R11: 91.7 | S11: 100.2 | T11: 96.4 | U11: 98.8 | V11: 76.3 | W11: 90.5 | X11: 0
A12: Ивановская область | B12: 101.3 | C12: 114.2 | D12: 98.1 | E12: 113.1 | F12: 104 | G12: 96.2 | H12: 101.4 | I12: 99.3 | J12: 82.1 | K12: 85.4 | L12: 93.8 | M12: 107.1 | N12: 100.9 | O12: 100.47882 | P12: 101.25292 | Q12: 95.5 | R12: 118.3 | S12: 100.4 | T12: 93.2 | U12: 99.6 | V12: 97.6 | W12: 74.3 | X12: 0
A13: Калужская область | B13: 98.7 | C13: 96.3 | D13: 106 | E13: 103.7 | F13: 101.4 | G13: 87.3 | H13: 88.3 | I13: 89.4 | J13: 99.5 | K13: 76.2 | L13: 89.1 | M13: 99.4 | N13: 98.9 | O13: 92.912448 | P13: 102.04522 | Q13: 104.5 | R13: 93 | S13: 99.5 | T13: 101.1 | U13: 97.1 | V13: 87.4 | W13: 96.7 | X13: 0
A14: Костромская область | B14: 93.7 | C14: 110 | D14: 129.6 | E14: 95.6 | F14: 81.4 | G14: 105.8 | H14: 105.2 | I14: 93.6 | J14: 94.9 | K14: 76.1 | L14: 105.3 | M14: 68.9 | N14: 96.7 | O14: 111.68031 | P14: 87.891168 | Q14: 104.3 | R14: 85.4 | S14: 99.3 | T14: 97.7 | U14: 96.2 | V14: 98.8 | W14: 94 | X14: 0
A15: Курская область | B15: 102.1 | C15: 111.3 | D15: 100.1 | E15: 107.2 | F15: 107.9 | G15: 77.5 | H15: 77.1 | I15: 98.1 | J15: 97.1 | K15: 77.2 | L15: 103.2 | M15: 106.6 | N15: 101.1 | O15: 98.22852 | P15: 102.1409 | Q15: 156.4 | R15: 99.6 | S15: 99.8 | T15: 99.6 | U15: 100.8 | V15: 91.6 | W15: 100.3 | X15: 0
A16: Липецкая область | B16: 102.7 | C16: 103.5 | D16: 113.7 | E16: 107 | F16: 92.5 | G16: 98.6 | H16: 104.1 | I16: 104.1 | J16: 96.9 | K16: 77.9 | L16: 101.9 | M16: 102.7 | N16: 98 | O16: 86.488331 | P16: 103.26025 | Q16: 91.8 | R16: 115.3 | S16: 97.2 | T16: 96.2 | U16: 100 | V16: 82.1 | W16: 84.3 | X16: 0
A17: Московская область | B17: 99 | C17: 83 | D17: 102.6 | E17: 108.5 | F17: 84.4 | G17: 112.4 | H17: 97.9 | I17: 101.2 | J17: 74.4 | K17: 82.9 | L17: 85 | M17: 117.3 | N17: 103.3 | O17: 94.309448 | P17: 108.34696 | Q17: 85.8 | R17: 92.6 | S17: 103.1 | T17: 99.8 | U17: 103.2 | V17: 102.6 | W17: 95.1 | X17: 0
... A101: Чукотский автономный округ | B101: 100.9 | C101: 82.5 | D101: 101.1 | E101: 73.3 | F101: 104.5 | G101: 79.1 | H101: 110.9 | I101: 102.2 | J101: 100.3 | K101: 139.8 | L101: 95 | M101: 85.1 | N101: 126.8 | O101: 186.55592 | P101: 97.729109 | Q101: 111.5 | R101: 35.7 | S101: 103.7 | T101: 99.3 | U101: 98.5 | V101: 93.4 | W101: 93.2 | X101: 0
A103: 1) Данные динамического ряда, начиная с 2016 года, содержат изменения, связанные с внедрением международной методологии оценки жилищных услуг, производимых и потребляемых собственниками жилья; оценкой потребления основного капитала, исходя из его текущей рыночной стоимости.
A104: 2)Данные динамического ряда, начиная с 2017 года, содержат изменения, связанные с включением в формирование показателей деятельности: кредитных организаций; финансовых услуг, кроме услуг по страхованию и пенсионному обеспечению; негосударственных пенсионных фондов; вспомогательной в сфере финансовых услуг и страхования.

Sheet 1. 2021
A1: К содержанию
A2: Индексы физического объема валового регионального продукта и валовой добавленной стоимости по отраслям экономики в 2021 году1)2) (в процентах к предыдущему году)
B3: Валовой региональный продукт (валовая добавленная стоимость в основных ценах) | C3: Раздел A | D3: Раздел B | E3: Раздел C | F3: Раздел D | G3: Раздел E | H3: Раздел F | I3: Раздел G | J3: Раздел H | K3: Раздел I | L3: Раздел J | M3: Раздел K | N3: Раздел L | Q3: Раздел M | R3: Раздел N | S3: Раздел О | T3: Раздел P | U3: Раздел Q | V3: Раздел R | W3: Раздел S | X3: Раздел T
N4: Деятельность по операциям с недвижимым имуществом | O4: в том числе:
C5: Сельское, лесное хозяйство, охота, рыболовство и рыбоводство | D5: Добыча полезных ископаемых | E5: Обрабатывающие производства | F5: Обеспечение электрической энергией, газом и паром; кондиционирование воздуха | G5: Водоснабжение; водоотведение, организация сбора и утилизация отходов, деятельность по ликвидации загрязнений | H5: Строительство | I5: Торговля оптовая и розничная; ремонт автотранспортных средств и мотоциклов | J5: Транспортировка и хранение | K5: Деятельность гостиниц и предприятий общественного питания | L5: Деятельность в области информации и связи | M5: Деятельность финансовая и страховая | O5: Операции с недвижимым имуществом | P5: Услуги по проживанию в собственном жилище | Q5: Деятельность профессиональная, научная и техническая | R5: Деятельность административная и сопутствующие дополнительные услуги | S5: Государственное управление и обеспечение военной безопасности; социальное обеспечение | T5: Образование | U5: Деятельность в области здравоохранения и социальных услуг | V5: Деятельность в области культуры, спорта, организации досуга и развлечений | W5: Предоставление прочих видов услуг | X5: Деятельность домашних хозяйств как работодателей; недифференцированная деятельность частных домашних хозяйств по производству1)
A6: Российская Федерация из суммы субъектов | B6: 107.2 | C6: 101.66487 | D6: 107.1226 | E6: 106.90004 | F6: 106.5046 | G6: 109.67453 | H6: 105.6725 | I6: 110.57317 | J6: 110.00931 | K6: 127.06972 | L6: 115.97024 | M6: 105.72511 | N6: 105.3874 | O6: 105.76066 | P6: 105.15163 | Q6: 107.75351 | R6: 114.63521 | S6: 100.01741 | T6: 101.89111 | U6: 102.82261 | V6: 120.8449 | W6: 108.46439 | X6: 0
A7: Центральный федеральный округ | B7: 109.3 | C7: 99.420727 | D7: 107.07873 | E7: 112.64506 | F7: 109.70044 | G7: 109.45606 | H7: 109.13274 | I7: 104.14975 | J7: 114.01435 | K7: 138.5269 | L7: 123.60661 | M7: 109.96235 | N7: 106.38002 | O7: 102.00604 | P7: 110.05037 | Q7: 109.01783 | R7: 127.20077 | S7: 100.76228 | T7: 103.82899 | U7: 103.46269 | V7: 134.13214 | W7: 105.05256 | X7: 0
A8: Белгородская область | B8: 102.7 | C8: 101.5 | D8: 107.8 | E8: 104.4 | F8: 103.6 | G8: 134.9 | H8: 91.6 | I8: 101.8 | J8: 105.1 | K8: 111.2 | L8: 93.4 | M8: 99.1 | N8: 98.3 | O8: 89.330881 | P8: 101.92478 | Q8: 103.6 | R8: 112.2 | S8: 99 | T8: 103.2 | U8: 100.8 | V8: 104.3 | W8: 105.1 | X8: 0
A9: Брянская область | B9: 103.7 | C9: 107.8 | D9: 117.8 | E9: 107.4 | F9: 116.4 | G9: 137.2 | H9: 77.8 | I9: 100.4 | J9: 103.3 | K9: 127.8 | L9: 104.2 | M9: 96.7 | N9: 99.9 | O9: 95.369612 | P9: 101.33502 | Q9: 124.1 | R9: 83.5 | S9: 98.9 | T9: 100.3 | U9: 100.1 | V9: 138.2 | W9: 102.9 | X9: 0
A10: Владимирская область | B10: 112.6 | C10: 98.9 | D10: 132.5 | E10: 129.2 | F10: 117.3 | G10: 105.6 | H10: 104.6 | I10: 109 | J10: 102.1 | K10: 125.8 | L10: 106.1 | M10: 94.4 | N10: 99.5 | O10: 96.697815 | P10: 100.83589 | Q10: 104.8 | R10: 111.1 | S10: 99.3 | T10: 99.8 | U10: 100.3 | V10: 117.1 | W10: 111.8 | X10: 0
A11: Воронежская область | B11: 104 | C11: 100.9 | D11: 109.1 | E11: 108.3 | F11: 100 | G11: 100.5 | H11: 91 | I11: 105.2 | J11: 103.5 | K11: 116.1 | L11: 107.6 | M11: 102.2 | N11: 113.1 | O11: 95.612689 | P11: 121.50653 | Q11: 102.2 | R11: 113.4 | S11: 99 | T11: 100.1 | U11: 103 | V11: 109 | W11: 107.6 | X11: 0
A12: Ивановская область | B12: 101.7 | C12: 84.3 | D12: 105.5 | E12: 103.8 | F12: 117.7 | G12: 97.6 | H12: 97 | I12: 101.8 | J12: 103.8 | K12: 99.9 | L12: 106.2 | M12: 90.2 | N12: 96.3 | O12: 87.588674 | P12: 102.32752 | Q12: 111.8 | R12: 137.2 | S12: 100.3 | T12: 98.9 | U12: 98.2 | V12: 105.6 | W12: 94.3 | X12: 0
A13: Калужская область | B13: 107.2 | C13: 99 | D13: 111.3 | E13: 113.7 | F13: 106.6 | G13: 129.5 | H13: 120.4 | I13: 105.9 | J13: 126.2 | K13: 123.8 | L13: 101.4 | M13: 93.7 | N13: 100.5 | O13: 96.960934 | P13: 102.32956 | Q13: 75.1 | R13: 99.9 | S13: 99.6 | T13: 100.6 | U13: 103 | V13: 130 | W13: 97.5 | X13: 0
A14: Костромская область | B14: 105.2 | C14: 96.9 | D14: 123.3 | E14: 107.8 | F14: 117.6 | G14: 96.2 | H14: 120.5 | I14: 103.2 | J14: 102.5 | K14: 115 | L14: 116.2 | M14: 106 | N14: 103.7 | O14: 99.933582 | P14: 106.32786 | Q14: 87.5 | R14: 105.5 | S14: 100 | T14: 101.1 | U14: 96.9 | V14: 113.8 | W14: 102.4 | X14: 0
A15: Курская область | B15: 105.8 | C15: 90.2 | D15: 103.7 | E15: 113.5 | F15: 97.7 | G15: 110.2 | H15: 141.1 | I15: 114.3 | J15: 103.4 | K15: 101.8 | L15: 96.8 | M15: 101.7 | N15: 97.8 | O15: 86.281475 | P15: 101.82501 | Q15: 182.8 | R15: 98.9 | S15: 98.7 | T15: 99.8 | U15: 101.5 | V15: 109.2 | W15: 97.8 | X15: 0
A16: Липецкая область | B16: 104.3 | C16: 86.2 | D16: 99.3 | E16: 112.4 | F16: 89 | G16: 128 | H16: 103.5 | I16: 100.8 | J16: 115.7 | K16: 116.9 | L16: 98.2 | M16: 94.3 | N16: 101.9 | O16: 97.313382 | P16: 103.62958 | Q16: 116.1 | R16: 114 | S16: 98.7 | T16: 103.6 | U16: 99.4 | V16: 123.6 | W16: 94.7 | X16: 0
A17: Московская область | B17: 111.3 | C17: 114.8 | D17: 106.4 | E17: 116.1 | F17: 111.1 | G17: 120.2 | H17: 104 | I17: 117.4 | J17: 109.4 | K17: 142.6 | L17: 104.1 | M17: 96 | N17: 111.1 | O17: 121.37455 | P17: 106.22192 | Q17: 109.8 | R17: 112.5 | S17: 102.3 | T17: 102.3 | U17: 101.7 | V17: 106.5 | W17: 126.1 | X17: 0
... A101: Чукотский автономный округ | B101: 106 | C101: 104.4 | D101: 102.1 | E101: 88 | F101: 104.6 | G101: 96.5 | H101: 140.6 | I101: 111.4 | J101: 114.5 | K101: 130.7 | L101: 91.7 | M101: 93.1 | N101: 106.2 | O101: 112.37193 | P101: 99.836892 | Q101: 185 | R101: 132.3 | S101: 100.3 | T101: 99 | U101: 99.8 | V101: 100.4 | W101: 96.5 | X101: 0
A103: 1) Данные динамического ряда, начиная с 2016 года, содержат изменения, связанные с внедрением международной методологии оценки жилищных услуг, производимых и потребляемых собственниками жилья; оценкой потребления основного капитала, исходя из его текущей рыночной стоимости.
A104: 2)Данные динамического ряда, начиная с 2017 года, содержат изменения, связанные с включением в формирование показателей деятельности: кредитных организаций; финансовых услуг, кроме услуг по страхованию и пенсионному обеспечению; негосударственных пенсионных фондов; вспомогательной в сфере финансовых услуг и страхования.

Sheet 1. 2022
A1: К содержанию
A2: Индексы физического объема валового регионального продукта и валовой добавленной стоимости по отраслям экономики в 2022 году1)2) (в процентах к предыдущему году)
B3: Валовой региональный продукт (валовая добавленная стоимость в основных ценах) | C3: Раздел A | D3: Раздел B | E3: Раздел C | F3: Раздел D | G3: Раздел E | H3: Раздел F | I3: Раздел G | J3: Раздел H | K3: Раздел I | L3: Раздел J | M3: Раздел K | N3: Раздел L | Q3: Раздел M | R3: Раздел N | S3: Раздел О | T3: Раздел P | U3: Раздел Q | V3: Раздел R | W3: Раздел S | X3: Раздел T
N4: Деятельность по операциям с недвижимым имуществом | O4: в том числе:
C5: Сельское, лесное хозяйство, охота, рыболовство и рыбоводство | D5: Добыча полезных ископаемых | E5: Обрабатывающие производства | F5: Обеспечение электрической энергией, газом и паром; кондиционирование воздуха | G5: Водоснабжение; водоотведение, организация сбора и утилизация отходов, деятельность по ликвидации загрязнений | H5: Строительство | I5: Торговля оптовая и розничная; ремонт автотранспортных средств и мотоциклов | J5: Транспортировка и хранение | K5: Деятельность гостиниц и предприятий общественного питания | L5: Деятельность в области информации и связи | M5: Деятельность финансовая и страховая | O5: Операции с недвижимым имуществом | P5: Услуги по проживанию в собственном жилище | Q5: Деятельность профессиональная, научная и техническая | R5: Деятельность административная и сопутствующие дополнительные услуги | S5: Государственное управление и обеспечение военной безопасности; социальное обеспечение | T5: Образование | U5: Деятельность в области здравоохранения и социальных услуг | V5: Деятельность в области культуры, спорта, организации досуга и развлечений | W5: Предоставление прочих видов услуг | X5: Деятельность домашних хозяйств как работодателей; недифференцированная деятельность частных домашних хозяйств по производству1)
A6: Российская Федерация из суммы субъектов | B6: 100.2 | C6: 106.59982 | D6: 99.513011 | E6: 99.787928 | F6: 100.05173 | G6: 96.553908 | H6: 108.09238 | I6: 93.660632 | J6: 101.68384 | K6: 104.76103 | L6: 102.52785 | M6: 96.010009 | N6: 102.14621 | O6: 101.83294 | P6: 102.31169 | Q6: 102.07668 | R6: 105.4846 | S6: 100.77231 | T6: 100.01326 | U6: 97.129998 | V6: 107.85604 | W6: 98.034981 | X6: 0
A7: Центральный федеральный округ | B7: 98.9 | C7: 104.35927 | D7: 90.494027 | E7: 99.486616 | F7: 98.917271 | G7: 95.713779 | H7: 104.9272 | I7: 88.716055 | J7: 100.94589 | K7: 101.44372 | L7: 101.10995 | M7: 97.422312 | N7: 101.85068 | O7: 97.411781 | P7: 104.59136 | Q7: 101.63341 | R7: 113.36497 | S7: 101.33143 | T7: 100.99183 | U7: 96.362185 | V7: 106.50164 | W7: 95.309299 | X7: 0
A8: Белгородская область | B8: 99.1 | C8: 100.2 | D8: 93.3 | E8: 109.2 | F8: 103.7 | G8: 94.6 | H8: 93.7 | I8: 96.1 | J8: 110.5 | K8: 109.8 | L8: 113.1 | M8: 95.6 | N8: 100.4 | O8: 115.04171 | P8: 96.232294 | Q8: 89.2 | R8: 103.1 | S8: 97.3 | T8: 100.3 | U8: 105 | V8: 103 | W8: 101.1 | X8: 0
A9: Брянская область | B9: 99.8 | C9: 100.4 | D9: 105.8 | E9: 111.9 | F9: 100.7 | G9: 80 | H9: 91.4 | I9: 93.2 | J9: 102.2 | K9: 104.7 | L9: 87.4 | M9: 95.4 | N9: 88.9 | O9: 92.15059 | P9: 87.701614 | Q9: 91.3 | R9: 116.2 | S9: 99.6 | T9: 99.2 | U9: 97.4 | V9: 119.4 | W9: 93.4 | X9: 0
A10: Владимирская область | B10: 93.3 | C10: 97 | D10: 122.1 | E10: 74.5 | F10: 99 | G10: 101.4 | H10: 177.4 | I10: 106.4 | J10: 104.6 | K10: 94.2 | L10: 112.6 | M10: 89.7 | N10: 104.3 | O10: 120.77167 | P10: 99.003211 | Q10: 125.7 | R10: 90.1 | S10: 98.4 | T10: 97.8 | U10: 98.9 | V10: 96.3 | W10: 92.1 | X10: 0
A11: Воронежская область | B11: 97.4 | C11: 112.4 | D11: 103.7 | E11: 84.8 | F11: 99 | G11: 96.8 | H11: 101 | I11: 87.8 | J11: 109.2 | K11: 101.1 | L11: 98.6 | M11: 89.9 | N11: 109.3 | O11: 102.33017 | P11: 111.87193 | Q11: 91.9 | R11: 90.6 | S11: 99.8 | T11: 98.7 | U11: 94.4 | V11: 109.2 | W11: 93.4 | X11: 0
A12: Ивановская область | B12: 99.7 | C12: 116.6 | D12: 85 | E12: 113.6 | F12: 85.9 | G12: 103 | H12: 78.6 | I12: 98.5 | J12: 102.5 | K12: 95.9 | L12: 94 | M12: 87.1 | N12: 93 | O12: 87.926926 | P12: 95.731017 | Q12: 94.5 | R12: 85.4 | S12: 99.4 | T12: 97.3 | U12: 96.4 | V12: 113.2 | W12: 108.9 | X12: 0
A13: Калужская область | B13: 88.5 | C13: 103.7 | D13: 79.6 | E13: 77.6 | F13: 99.9 | G13: 86.3 | H13: 88.7 | I13: 99 | J13: 117.1 | K13: 99 | L13: 84.8 | M13: 88.3 | N13: 94.9 | O13: 101.0442 | P13: 92.059571 | Q13: 69.8 | R13: 91 | S13: 99.2 | T13: 98.4 | U13: 99.4 | V13: 113.7 | W13: 101.6 | X13: 0
A14: Костромская область | B14: 99.2 | C14: 104.3 | D14: 108.8 | E14: 97.3 | F14: 104 | G14: 93 | H14: 70.5 | I14: 99.1 | J14: 100.2 | K14: 103.8 | L14: 106.9 | M14: 112.8 | N14: 101.7 | O14: 94.227769 | P14: 105.84402 | Q14: 106.5 | R14: 90.9 | S14: 96.4 | T14: 97.8 | U14: 99.2 | V14: 100.2 | W14: 109.1 | X14: 0
A15: Курская область | B15: 94.5 | C15: 111 | D15: 78.9 | E15: 107.2 | F15: 88.1 | G15: 87.6 | H15: 93 | I15: 94.8 | J15: 96.1 | K15: 104.6 | L15: 95.8 | M15: 84.9 | N15: 100.9 | O15: 100.95134 | P15: 100.90778 | Q15: 53.1 | R15: 99.4 | S15: 98.6 | T15: 98.8 | U15: 90 | V15: 121.3 | W15: 82.4 | X15: 0
A16: Липецкая область | B16: 91.9 | C16: 116 | D16: 93.8 | E16: 82.9 | F16: 99.5 | G16: 83.5 | H16: 81 | I16: 99 | J16: 102.4 | K16: 99.7 | L16: 104.4 | M16: 81.6 | N16: 101.1 | O16: 98.864027 | P16: 101.72652 | Q16: 98.8 | R16: 104.6 | S16: 100.1 | T16: 100.1 | U16: 99.3 | V16: 103.1 | W16: 96.4 | X16: 0
A17: Московская область | B17: 95 | C17: 103.2 | D17: 88.3 | E17: 99.1 | F17: 99.9 | G17: 97.7 | H17: 101.3 | I17: 84.6 | J17: 97.9 | K17: 99 | L17: 92 | M17: 87.7 | N17: 96.5 | O17: 101.99147 | P17: 94.012955 | Q17: 94.8 | R17: 90.5 | S17: 101.6 | T17: 98.6 | U17: 97.9 | V17: 108.7 | W17: 85.3 | X17: 0
... A101: Чукотский автономный округ | B101: 94.4 | C101: 89.2 | D101: 69.7 | E101: 130.4 | F101: 100.6 | G101: 89.9 | H101: 168 | I101: 96.3 | J101: 78.7 | K101: 167.1 | L101: 107.5 | M101: 91.9 | N101: 106.8 | O101: 90.114088 | P101: 126.86008 | Q101: 111 | R101: 93.9 | S101: 99.2 | T101: 99.3 | U101: 98.6 | V101: 105 | W101: 138.9 | X101: 0
A103: 1) Данные динамического ряда, начиная с 2016 года, содержат изменения, связанные с внедрением международной методологии оценки жилищных услуг, производимых и потребляемых собственниками жилья; оценкой потребления основного капитала, исходя из его текущей рыночной стоимости.
A104: 2)Данные динамического ряда, начиная с 2017 года, содержат изменения, связанные с включением в формирование показателей деятельности: кредитных организаций; финансовых услуг, кроме услуг по страхованию и пенсионному обеспечению; негосударственных пенсионных фондов; вспомогательной в сфере финансовых услуг и страхования.

Sheet 1. 2023
A1: К содержанию
A2: Индексы физического объема валового регионального продукта и валовой добавленной стоимости по отраслям экономики в 2023 году1)2) (в процентах к предыдущему году)
B3: Валовой региональный продукт (валовая добавленная стоимость в основных ценах) | C3: Раздел A | D3: Раздел B | E3: Раздел C | F3: Раздел D | G3: Раздел E | H3: Раздел F | I3: Раздел G | J3: Раздел H | K3: Раздел I | L3: Раздел J | M3: Раздел K | N3: Раздел L | Q3: Раздел M | R3: Раздел N | S3: Раздел О | T3: Раздел P | U3: Раздел Q | V3: Раздел R | W3: Раздел S | X3: Раздел T
N4: Деятельность по операциям с недвижимым имуществом | O4: в том числе:
C5: Сельское, лесное хозяйство, охота, рыболовство и рыбоводство | D5: Добыча полезных ископаемых | E5: Обрабатывающие производства | F5: Обеспечение электрической энергией, газом и паром; кондиционирование воздуха | G5: Водоснабжение; водоотведение, организация сбора и утилизация отходов, деятельность по ликвидации загрязнений | H5: Строительство | I5: Торговля оптовая и розничная; ремонт автотранспортных средств и мотоциклов | J5: Транспортировка и хранение | K5: Деятельность гостиниц и предприятий общественного питания | L5: Деятельность в области информации и связи | M5: Деятельность финансовая и страховая | O5: Операции с недвижимым имуществом | P5: Услуги по проживанию в собственном жилище | Q5: Деятельность профессиональная, научная и техническая | R5: Деятельность административная и сопутствующие дополнительные услуги | S5: Государственное управление и обеспечение военной безопасности; социальное обеспечение | T5: Образование | U5: Деятельность в области здравоохранения и социальных услуг | V5: Деятельность в области культуры, спорта, организации досуга и развлечений | W5: Предоставление прочих видов услуг | X5: Деятельность домашних хозяйств как работодателей; недифференцированная деятельность частных домашних хозяйств по производству1)
A6: Российская Федерация из суммы субъектов | B6: 105.2 | C6: 101.4738 | D6: 98.891663 | E6: 107.77514 | F6: 100.27564 | G6: 102.33781 | H6: 110.65446 | I6: 106.5874 | J6: 104.4192 | K6: 114.53431 | L6: 115.55356 | M6: 118.57459 | N6: 101.19269 | O6: 101.28118 | P6: 101.14802 | Q6: 110.53056 | R6: 109.24677 | S6: 100.40821 | T6: 100.13778 | U6: 100.98055 | V6: 106.3216 | W6: 112.55221 | X6: 0
A7: Центральный федеральный округ | B7: 108.4 | C7: 108.12687 | D7: 96.323078 | E7: 106.62342 | F7: 99.805398 | G7: 101.17571 | H7: 106.4619 | I7: 113.73095 | J7: 100.68434 | K7: 121.43161 | L7: 122.39941 | M7: 118.08856 | N7: 103.00396 | O7: 98.350181 | P7: 105.66673 | Q7: 110.91945 | R7: 106.51045 | S7: 101.70132 | T7: 101.39511 | U7: 101.86496 | V7: 104.35752 | W7: 119.20729 | X7: 0
A8: Белгородская область | B8: 103.2 | C8: 110.2 | D8: 94.4 | E8: 108.6 | F8: 100.9 | G8: 100.2 | H8: 110.9 | I8: 101 | J8: 116.2 | K8: 114.7 | L8: 108.4 | M8: 117 | N8: 93.9 | O8: 85.117413 | P8: 96.959049 | Q8: 115.1 | R8: 108.3 | S8: 101 | T8: 100.5 | U8: 99.3 | V8: 96.9 | W8: 103.5 | X8: 0
A9: Брянская область | B9: 106.2 | C9: 107.8 | D9: 58.4 | E9: 124.1 | F9: 98.4 | G9: 103.9 | H9: 122.8 | I9: 101.5 | J9: 105.6 | K9: 99.4 | L9: 110.3 | M9: 115.5 | N9: 110.7 | O9: 84.732857 | P9: 120.60965 | Q9: 129.5 | R9: 96.7 | S9: 96.4 | T9: 99.6 | U9: 105.1 | V9: 28.4 | W9: 118.4 | X9: 0
A10: Владимирская область | B10: 106.6 | C10: 116.7 | D10: 96.7 | E10: 106.6 | F10: 99.6 | G10: 93.3 | H10: 111.5 | I10: 112.5 | J10: 110.8 | K10: 103.6 | L10: 100 | M10: 109.5 | N10: 103.1 | O10: 95.022506 | P10: 105.9985 | Q10: 93.4 | R10: 134.1 | S10: 100.7 | T10: 98.7 | U10: 104.6 | V10: 107 | W10: 110.2 | X10: 0
A11: Воронежская область | B11: 103.7 | C11: 104.6 | D11: 105.8 | E11: 105.2 | F11: 104.6 | G11: 94.3 | H11: 108.8 | I11: 104.7 | J11: 100.4 | K11: 114.9 | L11: 89.4 | M11: 123.2 | N11: 90.9 | O11: 130.72882 | P11: 77.298738 | Q11: 109.1 | R11: 126.1 | S11: 101.3 | T11: 100 | U11: 104.7 | V11: 97.2 | W11: 123.8 | X11: 0
A12: Ивановская область | B12: 106.5 | C12: 128.8 | D12: 121.1 | E12: 108.7 | F12: 97.7 | G12: 102.8 | H12: 119.3 | I12: 113.3 | J12: 102 | K12: 100.8 | L12: 105.4 | M12: 114.3 | N12: 97.4 | O12: 112.22906 | P12: 91.647453 | Q12: 108.2 | R12: 123 | S12: 99.5 | T12: 97.7 | U12: 98.9 | V12: 106.7 | W12: 111.8 | X12: 0
A13: Калужская область | B13: 106.5 | C13: 107.9 | D13: 99.1 | E13: 113 | F13: 102.2 | G13: 96.9 | H13: 88 | I13: 109.7 | J13: 100.3 | K13: 123.6 | L13: 113.9 | M13: 118.9 | N13: 93.5 | O13: 85.984505 | P13: 96.754485 | Q13: 112.3 | R13: 122.2 | S13: 99.1 | T13: 100.8 | U13: 100.4 | V13: 107.9 | W13: 135.8 | X13: 0
A14: Костромская область | B14: 106.3 | C14: 118.4 | D14: 101.1 | E14: 107.6 | F14: 99.2 | G14: 101.6 | H14: 118.4 | I14: 99.2 | J14: 113.9 | K14: 128.9 | L14: 121.1 | M14: 113 | N14: 99.9 | O14: 81.757202 | P14: 107.95457 | Q14: 112.6 | R14: 118.6 | S14: 98.6 | T14: 98 | U14: 98.9 | V14: 105.6 | W14: 98.5 | X14: 0
A15: Курская область | B15: 105.4 | C15: 105.7 | D15: 93.4 | E15: 116.7 | F15: 104.1 | G15: 112.7 | H15: 105.8 | I15: 102.8 | J15: 103.9 | K15: 109.2 | L15: 118.3 | M15: 114.2 | N15: 101.1 | O15: 97.870877 | P15: 101.88382 | Q15: 135.9 | R15: 117 | S15: 98.9 | T15: 99 | U15: 97.6 | V15: 96.1 | W15: 105.3 | X15: 0
A16: Липецкая область | B16: 113.3 | C16: 107.6 | D16: 102.1 | E16: 131.1 | F16: 111 | G16: 148.1 | H16: 112.1 | I16: 103.3 | J16: 101.5 | K16: 107.4 | L16: 107.7 | M16: 104.5 | N16: 89.4 | O16: 89.5904 | P16: 89.306619 | Q16: 116.2 | R16: 109.1 | S16: 100.5 | T16: 98 | U16: 102.4 | V16: 109.9 | W16: 109.3 | X16: 0
A17: Московская область | B17: 109 | C17: 98.8 | D17: 129.1 | E17: 111.1 | F17: 97.3 | G17: 114.9 | H17: 100.1 | I17: 109.6 | J17: 111 | K17: 115.1 | L17: 129.3 | M17: 117.7 | N17: 108.6 | O17: 105.3377 | P17: 110.11827 | Q17: 133 | R17: 89.2 | S17: 101.7 | T17: 96.7 | U17: 100.5 | V17: 112.3 | W17: 117.7 | X17: 0
... A101: Чукотский автономный округ | B101: 111.7 | C101: 80.5 | D101: 128.1 | E101: 214 | F101: 103.8 | G101: 103.5 | H101: 120.4 | I101: 97.1 | J101: 94.1 | K101: 95 | L101: 104 | M101: 128.5 | N101: 89.6 | O101: 85.303427 | P101: 92.609252 | Q101: 110 | R101: 108.6 | S101: 101.3 | T101: 100.3 | U101: 97.5 | V101: 100.9 | W101: 97.7 | X101: 0
A103: 1) Данные динамического ряда, начиная с 2016 года, содержат изменения, связанные с внедрением международной методологии оценки жилищных услуг, производимых и потребляемых собственниками жилья; оценкой потребления основного капитала, исходя из его текущей рыночной стоимости.
A104: 2)Данные динамического ряда, начиная с 2017 года, содержат изменения, связанные с включением в формирование показателей деятельности: кредитных организаций; финансовых услуг, кроме услуг по страхованию и пенсионному обеспечению; негосударственных пенсионных фондов; вспомогательной в сфере финансовых услуг и страхования.

Sheet 1. 2024
A1: К содержанию
A2: Индексы физического объема валового регионального продукта и валовой добавленной стоимости по отраслям экономики в 2024 году1)2) (в процентах к предыдущему году)
B3: Валовой региональный продукт (валовая добавленная стоимость в основных ценах) | C3: Раздел A | D3: Раздел B | E3: Раздел C | F3: Раздел D | G3: Раздел E | H3: Раздел F | I3: Раздел G | J3: Раздел H | K3: Раздел I | L3: Раздел J | M3: Раздел K | N3: Раздел L | Q3: Раздел M | R3: Раздел N | S3: Раздел О | T3: Раздел P | U3: Раздел Q | V3: Раздел R | W3: Раздел S | X3: Раздел T
N4: Деятельность по операциям с недвижимым имуществом | O4: в том числе:
C5: Сельское, лесное хозяйство, охота, рыболовство и рыбоводство | D5: Добыча полезных ископаемых | E5: Обрабатывающие производства | F5: Обеспечение электрической энергией, газом и паром; кондиционирование воздуха | G5: Водоснабжение; водоотведение, организация сбора и утилизация отходов, деятельность по ликвидации загрязнений | H5: Строительство | I5: Торговля оптовая и розничная; ремонт автотранспортных средств и мотоциклов | J5: Транспортировка и хранение | K5: Деятельность гостиниц и предприятий общественного питания | L5: Деятельность в области информации и связи | M5: Деятельность финансовая и страховая | O5: Операции с недвижимым имуществом | P5: Услуги по проживанию в собственном жилище | Q5: Деятельность профессиональная, научная и техническая | R5: Деятельность административная и сопутствующие дополнительные услуги | S5: Государственное управление и обеспечение военной безопасности; социальное обеспечение | T5: Образование | U5: Деятельность в области здравоохранения и социальных услуг | V5: Деятельность в области культуры, спорта, организации досуга и развлечений | W5: Предоставление прочих видов услуг | X5: Деятельность домашних хозяйств как работодателей; недифференцированная деятельность частных домашних хозяйств по производству1)
A6: Российская Федерация из суммы субъектов | B6: 104.5 | C6: 98.550711 | D6: 100.32765 | E6: 106.3336 | F6: 102.88637 | G6: 102.118 | H6: 107.44966 | I6: 104.91886 | J6: 103.588 | K6: 117.55049 | L6: 112.65769 | M6: 107.38639 | N6: 104.55853 | O6: 106.48571 | P6: 103.5874 | Q6: 109.6648 | R6: 105.93577 | S6: 98.91402 | T6: 100.51013 | U6: 103.49467 | V6: 105.53493 | W6: 105.15501 | X6: 0
A7: Центральный федеральный округ | B7: 105.8 | C7: 95.674913 | D7: 101.09475 | E7: 105.99494 | F7: 102.59744 | G7: 102.16356 | H7: 97.413595 | I7: 105.80941 | J7: 103.2683 | K7: 122.03654 | L7: 115.03195 | M7: 109.29997 | N7: 104.75733 | O7: 108.08455 | P7: 102.85155 | Q7: 111.95452 | R7: 103.08363 | S7: 100.22811 | T7: 100.83201 | U7: 105.41282 | V7: 106.11059 | W7: 103.75751 | X7: 0
A8: Белгородская область | B8: 102.3 | C8: 93.8 | D8: 99.7 | E8: 103.4 | F8: 95.5 | G8: 99.8 | H8: 102.2 | I8: 107.4 | J8: 111.8 | K8: 107.8 | L8: 106.1 | M8: 139.2 | N8: 104 | O8: 101.27662 | P8: 104.85324 | Q8: 104.3 | R8: 104.4 | S8: 100.5 | T8: 98.9 | U8: 102.2 | V8: 102.1 | W8: 104.6 | X8: 0
A9: Брянская область | B9: 101 | C9: 96.1 | D9: 129.3 | E9: 107.5 | F9: 103.9 | G9: 89.4 | H9: 97.4 | I9: 102.4 | J9: 101.9 | K9: 106.2 | L9: 106.3 | M9: 92 | N9: 103.4 | O9: 128.3823 | P9: 97.360409 | Q9: 86.8 | R9: 107.9 | S9: 96.5 | T9: 101.1 | U9: 98.2 | V9: 76.4 | W9: 123.9 | X9: 0
A10: Владимирская область | B10: 99.3 | C10: 100.4 | D10: 99.6 | E10: 109.4 | F10: 103.8 | G10: 112.1 | H10: 53.9 | I10: 100.7 | J10: 98.4 | K10: 134.7 | L10: 96.8 | M10: 99 | N10: 93.9 | O10: 92.800106 | P10: 94.244488 | Q10: 92 | R10: 108.7 | S10: 98.8 | T10: 98.3 | U10: 102.3 | V10: 101.3 | W10: 96.4 | X10: 0
A11: Воронежская область | B11: 102 | C11: 87.8 | D11: 98.2 | E11: 106.1 | F11: 100.5 | G11: 100.6 | H11: 103.1 | I11: 106.5 | J11: 107.3 | K11: 114.7 | L11: 107.2 | M11: 103.3 | N11: 103.4 | O11: 98.081653 | P11: 106.15705 | Q11: 105.8 | R11: 111 | S11: 100.5 | T11: 97.2 | U11: 102.9 | V11: 102.5 | W11: 102.9 | X11: 0
A12: Ивановская область | B12: 100.9 | C12: 102.2 | D12: 98.4 | E12: 102 | F12: 96.9 | G12: 98.9 | H12: 116.2 | I12: 99.3 | J12: 121.3 | K12: 109.9 | L12: 106.7 | M12: 94.5 | N12: 89.6 | O12: 83.859887 | P12: 92.195368 | Q12: 103.4 | R12: 99.5 | S12: 98.3 | T12: 99.5 | U12: 101.6 | V12: 103.3 | W12: 107.7 | X12: 0
A13: Калужская область | B13: 106.6 | C13: 102.5 | D13: 107.6 | E13: 112.9 | F13: 110.4 | G13: 119 | H13: 119.1 | I13: 100 | J13: 98.4 | K13: 124 | L13: 94.7 | M13: 110.3 | N13: 100.2 | O13: 109.4933 | P13: 96.495753 | Q13: 94.9 | R13: 114.9 | S13: 105.5 | T13: 98.9 | U13: 98.7 | V13: 111 | W13: 117.8 | X13: 0
A14: Костромская область | B14: 103.2 | C14: 95.1 | D14: 113.2 | E14: 108 | F14: 101.1 | G14: 97.7 | H14: 98.3 | I14: 107.5 | J14: 103.5 | K14: 104.9 | L14: 94.9 | M14: 98.4 | N14: 102.5 | O14: 123.3204 | P14: 96.09567 | Q14: 132.4 | R14: 101.8 | S14: 97.5 | T14: 99.2 | U14: 99.3 | V14: 117.5 | W14: 99.9 | X14: 0
A15: Курская область | B15: 100 | C15: 87.5 | D15: 100.9 | E15: 108.4 | F15: 85.9 | G15: 99.4 | H15: 104 | I15: 102.6 | J15: 113.1 | K15: 118.3 | L15: 102.9 | M15: 101.6 | N15: 99.9 | O15: 107.53252 | P15: 98.082533 | Q15: 98.1 | R15: 96.2 | S15: 97.9 | T15: 97.7 | U15: 101.8 | V15: 90.5 | W15: 98.6 | X15: 0
A16: Липецкая область | B16: 101.7 | C16: 98.2 | D16: 99.6 | E16: 93.9 | F16: 95.9 | G16: 148.2 | H16: 126.6 | I16: 107.8 | J16: 114 | K16: 116 | L16: 105.6 | M16: 98.1 | N16: 106.4 | O16: 118.82205 | P16: 103.97866 | Q16: 111.9 | R16: 123.9 | S16: 98.2 | T16: 100.6 | U16: 109.5 | V16: 99 | W16: 101.6 | X16: 0
A17: Московская область | B17: 106.4 | C17: 94 | D17: 110.7 | E17: 109.9 | F17: 102.5 | G17: 111.1 | H17: 114.2 | I17: 110.1 | J17: 99.4 | K17: 118.5 | L17: 136 | M17: 98.6 | N17: 101.8 | O17: 107.86871 | P17: 98.741524 | Q17: 95.2 | R17: 115.4 | S17: 102.5 | T17: 104.7 | U17: 110.4 | V17: 90 | W17: 114.5 | X17: 0
... A101: Чукотский автономный округ | B101: 105.7 | C101: 81.7 | D101: 118.8 | E101: 110.8 | F101: 99.1 | G101: 120.3 | H101: 99.5 | I101: 104.3 | J101: 66.1 | K101: 135.1 | L101: 123.7 | M101: 107.6 | N101: 107 | O101: 113.8514 | P101: 102.45465 | Q101: 107.2 | R101: 109.3 | S101: 103 | T101: 97.9 | U101: 99.4 | V101: 103.1 | W101: 110.9 | X101: 0
A103: 1) Данные динамического ряда, начиная с 2016 года, содержат изменения, связанные с внедрением международной методологии оценки жилищных услуг, производимых и потребляемых собственниками жилья; оценкой потребления основного капитала, исходя из его текущей рыночной стоимости.
A104: 2)Данные динамического ряда, начиная с 2017 года, содержат изменения, связанные с включением в формирование показателей деятельности: кредитных организаций; финансовых услуг, кроме услуг по страхованию и пенсионному обеспечению; негосударственных пенсионных фондов; вспомогательной в сфере финансовых услуг и страхования.

Sheet 2.2016
A1: К содержанию
A2: Валовая добавленная стоимость по отраслям экономики в 2016 г.1)2) (в текущих ценах; тыс. руб.)
B3: Валовая добавленная стоимость | C3: в том числе
C4: Раздел A | D4: Раздел B | E4: Раздел C | F4: Раздел D | G4: Раздел E | H4: Раздел F | I4: Раздел G | J4: Раздел H | K4: Раздел I | L4: Раздел J | M4: Раздел K | N4: Раздел L | Q4: Раздел M | R4: Раздел N | S4: Раздел О | T4: Раздел P | U4: Раздел Q | V4: Раздел R | W4: Раздел S | X4: Раздел T
N5: Деятельность по операциям с недвижимым имуществом | O5: в том числе:
C6: Сельское, лесное хозяйство, охота, рыболовство и рыбоводство | D6: Добыча полезных ископаемых | E6: Обрабатывающие производства | F6: Обеспечение электрической энергией, газом и паром; кондиционирование воздуха | G6: Водоснабжение; водоотведение, организация сбора и утилизация отходов, деятельность по ликвидации загрязнений | H6: Строительство | I6: Торговля оптовая и розничная; ремонт автотранспортных средств и мотоциклов | J6: Транспортировка и хранение | K6: Деятельность гостиниц и предприятий общественного питания | L6: Деятельность в области информации и связи | M6: Деятельность финансовая и страховая | O6: Операции с недвижимым имуществом | P6: Услуги по проживанию в собственном жилище | Q6: Деятельность профессиональная, научная и техническая | R6: Деятельность административная и сопутствующие дополнительные услуги | S6: Государственное управление и обеспечение военной безопасности; социальное обеспечение | T6: Образование | U6: Деятельность в области здравоохранения и социальных услуг | V6: Деятельность в области культуры, спорта, организации досуга и развлечений | W6: Предоставление прочих видов услуг | X6: Деятельность домашних хозяйств как работодателей; недифференцированная деятельность частных домашних хозяйств по производству1)
A7: Российская Федерация из суммы субъектов Российской Федерации | B7: 7.4362795e+10 | C7: 3.4368721e+09 | D7: 7.5472801e+09 | E7: 1.1706463e+10 | F7: 2.457698e+09 | G7: 4.4799396e+08 | H7: 4.6259787e+09 | I7: 1.1704814e+10 | J7: 5.568533e+09 | K7: 7.3515615e+08 | L7: 2.1095646e+09 | M7: 6.0587258e+08 | N7: 8.0029072e+09 | O7: 3.0802511e+09 | P7: 4922656089 | Q7: 3.2427593e+09 | R7: 1.800926e+09 | S7: 4.5540086e+09 | T7: 2.1044747e+09 | U7: 2.7483382e+09 | V7: 6.0203627e+08 | W7: 3.6111825e+08 | X7: 0
A8: Центральный федеральный округ | B8: 2.6189814e+10 | C8: 7.7188549e+08 | D8: 1.3175264e+08 | E8: 3.8890467e+09 | F8: 9.0595384e+08 | G8: 1.3727882e+08 | H8: 1.3462023e+09 | I8: 6.0292245e+09 | J8: 1.6641753e+09 | K8: 2.1814893e+08 | L8: 1.1397394e+09 | M8: 4.4212424e+08 | N8: 3.5923081e+09 | O8: 1.5878347e+09 | P8: 2.0044734e+09 | Q8: 1.7958401e+09 | R8: 6.8611689e+08 | S8: 1.6100466e+09 | T8: 6.2849191e+08 | U8: 8.2940496e+08 | V8: 2.1314949e+08 | W8: 1.5892417e+08 | X8: 0
A9: Белгородская область | B9: 7.7824056e+08 | C9: 1.4101681e+08 | D9: 80102785 | E9: 1.5061163e+08 | F9: 19739503 | G9: 4701558.4 | H9: 50867786 | I9: 1.1098882e+08 | J9: 31899024 | K9: 3406082.1 | L9: 10789099 | M9: 1791641.9 | N9: 70297855 | O9: 20291390 | P9: 50006465 | Q9: 12171064 | R9: 9314575.8 | S9: 29571430 | T9: 18664258 | U9: 24461341 | V9: 4583206.1 | W9: 3262100.5 | X9: 0
A10: Брянская область | B10: 3.167637e+08 | C10: 51795284 | D10: 181425.84 | E10: 46814707 | F10: 9312851.6 | G10: 2154525.8 | H10: 14014918 | I10: 51733386 | J10: 23186964 | K10: 5363963.6 | L10: 6938853.1 | M10: 1205167.5 | N10: 41759421 | O10: 9695296 | P10: 32064124 | Q10: 5046317.8 | R10: 5425812.1 | S10: 24090068 | T10: 10646620 | U10: 12698497 | V10: 3122945.6 | W10: 1271972.6 | X10: 0
A11: Владимирская область | B11: 4.3162195e+08 | C11: 16597318 | D11: 1233536.5 | E11: 1.4256612e+08 | F11: 17002899 | G11: 4478370.9 | H11: 19382272 | I11: 48969570 | J11: 21923103 | K11: 3670065 | L11: 7760278.7 | M11: 1607881 | N11: 61797448 | O11: 22670620 | P11: 39126828 | Q11: 13929002 | R11: 7229187.6 | S11: 27168266 | T11: 11685475 | U11: 18789160 | V11: 3785085.5 | W11: 2046915.4 | X11: 0
A12: Воронежская область | B12: 8.286462e+08 | C12: 1.1774197e+08 | D12: 3463897.6 | E12: 1.2315029e+08 | F12: 29295206 | G12: 6341559.4 | H12: 67066379 | I12: 1.4891906e+08 | J12: 55676358 | K12: 6218538.2 | L12: 14135484 | M12: 2802415.2 | N12: 87418843 | O12: 30811800 | P12: 56607043 | Q12: 32325980 | R12: 14585002 | S12: 52382508 | T12: 30025101 | U12: 28977113 | V12: 4095164.5 | W12: 4025324.4 | X12: 0
A13: Ивановская область | B13: 2.0585395e+08 | C13: 7864612.6 | D13: 415733.75 | E13: 29694644 | F13: 8995230.5 | G13: 1797728.5 | H13: 3308235.1 | I13: 43066610 | J13: 11147580 | K13: 2539004 | L13: 6010923.5 | M13: 328675.07 | N13: 31307218 | O13: 11068361 | P13: 20238857 | Q13: 7215874 | R13: 4521396.1 | S13: 22336275 | T13: 9013385 | U13: 12587474 | V13: 2167919.8 | W13: 1535435.7 | X13: 0
A14: Калужская область | B14: 4.09518e+08 | C14: 20970333 | D14: 1559688.1 | E14: 1.3640406e+08 | F14: 6967700.8 | G14: 3683203.7 | H14: 31237608 | I14: 48318746 | J14: 12488207 | K14: 3585957.8 | L14: 8147075.8 | M14: 1045887.7 | N14: 56346511 | O14: 16220823 | P14: 40125688 | Q14: 17117947 | R14: 4458588.7 | S14: 23334578 | T14: 11744801 | U14: 16616105 | V14: 3584843 | W14: 1906160 | X14: 0
A15: Костромская область | B15: 1.7023576e+08 | C15: 10542724 | D15: 137693.95 | E15: 35526123 | F15: 13294117 | G15: 1272008.9 | H15: 9288789.9 | I15: 25134583 | J15: 9838207.9 | K15: 2095864.9 | L15: 4046853.6 | M15: 587441.29 | N15: 19540274 | O15: 6794664.4 | P15: 12745610 | Q15: 2374316.4 | R15: 2192433.3 | S15: 16170854 | T15: 7347130.9 | U15: 8163117.1 | V15: 1866809.2 | W15: 816419.69 | X15: 0
A16: Курская область | B16: 3.7902696e+08 | C16: 62634001 | D16: 31401560 | E16: 66469683 | F16: 26684106 | G16: 2304454.7 | H16: 24844154 | I16: 36382358 | J16: 16432199 | K16: 3030001.7 | L16: 4510080.6 | M16: 1093124.6 | N16: 34062223 | O16: 11829866 | P16: 22232357 | Q16: 9240670.4 | R16: 4288663.3 | S16: 22322377 | T16: 14487467 | U16: 14721395 | V16: 2275895.6 | W16: 1842546.5 | X16: 0
A17: Липецкая область | B17: 5.0271342e+08 | C17: 58828975 | D17: 2272774.8 | E17: 1.9467558e+08 | F17: 8843489.4 | G17: 3697810.5 | H17: 38652811 | I17: 48012230 | J17: 17095008 | K17: 3244861.3 | L17: 8185190.7 | M17: 2025530.7 | N17: 48056341 | O17: 11720795 | P17: 36335545 | Q17: 5461250.3 | R17: 6995063.6 | S17: 23635243 | T17: 12248097 | U17: 15973556 | V17: 2412536.9 | W17: 2397075.1 | X17: 0
A18: Московская область | B18: 4.2076997e+09 | C18: 58797626 | D18: 6426244.4 | E18: 7.3904413e+08 | F18: 1.1148624e+08 | G18: 22125753 | H18: 2.1476954e+08 | I18: 9.1761681e+08 | J18: 2.6388891e+08 | K18: 44179419 | L18: 50861980 | M18: 15575750 | N18: 8.0569153e+08 | O18: 3.2079063e+08 | P18: 4.849009e+08 | Q18: 2.3738991e+08 | R18: 56931142 | S18: 3.5358148e+08 | T18: 1.036324e+08 | U18: 1.510364e+08 | V18: 34848313 | W18: 19816156 | X18: 0
... A102: Чукотский автономный округ | B102: 72174148 | C102: 746833.07 | D102: 33318354 | E102: 304620.12 | F102: 6958708.6 | G102: 637544.7 | H102: 4149798.5 | I102: 3233428.2 | J102: 2660366 | K102: 133674.01 | L102: 582145.47 | M102: 37593 | N102: 712392.71 | O102: 152043.91 | P102: 560348.8 | Q102: 307499.71 | R102: 250143.2 | S102: 10675689 | T102: 3066225.7 | U102: 3568936.7 | V102: 628541.99 | W102: 201653.38 | X102: 0
A104: 1) Данные динамического ряда, начиная с 2016 года, содержат изменения, связанные с внедрением международной методологии оценки жилищных услуг, производимых и потребляемых собственниками жилья; оценкой потребления основного капитала, исходя из его текущей рыночной стоимости.
A105: 2)Данные за 2016 год, содержат изменения, связанные с включением в формирование показателей деятельности: финансовых услуг, кроме услуг по страхованию и пенсионному обеспечению; негосударственных пенсионных фондов; вспомогательной в сфере финансовых услуг и страхования.

Sheet 2.2017
A1: К содержанию
A2: Валовая добавленная стоимость по отраслям экономики в 2017 г.1)2) (в текущих ценах; тыс. руб.)
B3: Валовая добавленная стоимость | C3: в том числе
C4: Раздел A | D4: Раздел B | E4: Раздел C | F4: Раздел D | G4: Раздел E | H4: Раздел F | I4: Раздел G | J4: Раздел H | K4: Раздел I | L4: Раздел J | M4: Раздел K | N4: Раздел L | Q4: Раздел M | R4: Раздел N | S4: Раздел О | T4: Раздел P | U4: Раздел Q | V4: Раздел R | W4: Раздел S | X4: Раздел T
N5: Деятельность по операциям с недвижимым имуществом | O5: в том числе:
C6: Сельское, лесное хозяйство, охота, рыболовство и рыбоводство | D6: Добыча полезных ископаемых | E6: Обрабатывающие производства | F6: Обеспечение электрической энергией, газом и паром; кондиционирование воздуха | G6: Водоснабжение; водоотведение, организация сбора и утилизация отходов, деятельность по ликвидации загрязнений | H6: Строительство | I6: Торговля оптовая и розничная; ремонт автотранспортных средств и мотоциклов | J6: Транспортировка и хранение | K6: Деятельность гостиниц и предприятий общественного питания | L6: Деятельность в области информации и связи | M6: Деятельность финансовая и страховая | O6: Операции с недвижимым имуществом | P6: Услуги по проживанию в собственном жилище | Q6: Деятельность профессиональная, научная и техническая | R6: Деятельность административная и сопутствующие дополнительные услуги | S6: Государственное управление и обеспечение военной безопасности; социальное обеспечение | T6: Образование | U6: Деятельность в области здравоохранения и социальных услуг | V6: Деятельность в области культуры, спорта, организации досуга и развлечений | W6: Предоставление прочих видов услуг | X6: Деятельность домашних хозяйств как работодателей; недифференцированная деятельность частных домашних хозяйств по производству1)
A7: Российская Федерация из суммы субъектов Российской Федерации | B7: 8.2923516e+10 | C7: 3.4235495e+09 | D7: 9.0454007e+09 | E7: 1.3009585e+10 | F7: 2.5139196e+09 | G7: 4.7634708e+08 | H7: 4.6331748e+09 | I7: 1.2451909e+10 | J7: 5.9842456e+09 | K7: 8.005036e+08 | L7: 2.2622771e+09 | M7: 3.5629819e+09 | N7: 8.5098593e+09 | O7: 3.4470851e+09 | P7: 5.0627742e+09 | Q7: 3.3204369e+09 | R7: 1.9023645e+09 | S7: 4.6821254e+09 | T7: 2.2991995e+09 | U7: 2.9554459e+09 | V7: 7.1398575e+08 | W7: 3.7620538e+08 | X7: 0
A8: Центральный федеральный округ | B8: 2.9708647e+10 | C8: 7.9107085e+08 | D8: 1.797451e+08 | E8: 4.5569456e+09 | F8: 8.594738e+08 | G8: 1.4389707e+08 | H8: 1.2186548e+09 | I8: 6.6202479e+09 | J8: 1.8030501e+09 | K8: 2.3502101e+08 | L8: 1.2183886e+09 | M8: 2.0628533e+09 | N8: 3.8221566e+09 | O8: 1.8243557e+09 | P8: 1.9978009e+09 | Q8: 1.7733382e+09 | R8: 7.4402713e+08 | S8: 1.6471343e+09 | T8: 6.9627732e+08 | U8: 8.9808914e+08 | V8: 2.8433162e+08 | W8: 1.5394478e+08 | X8: 0
A9: Белгородская область | B9: 8.4806104e+08 | C9: 1.4247068e+08 | D9: 1.1654792e+08 | E9: 1.5389578e+08 | F9: 18020999 | G9: 4653689.8 | H9: 50121841 | I9: 1.1265541e+08 | J9: 34397175 | K9: 3693715 | L9: 12648385 | M9: 11929587 | N9: 79454140 | O9: 25639136 | P9: 53815004 | Q9: 12742563 | R9: 9275601.8 | S9: 30994268 | T9: 20333889 | U9: 25488375 | V9: 5307331.1 | W9: 3429691.2 | X9: 0
A10: Брянская область | B10: 3.4794854e+08 | C10: 60268971 | D10: 141308.74 | E10: 53362491 | F10: 9988592.6 | G10: 2526238 | H10: 12690568 | I10: 54502718 | J10: 26274279 | K10: 5692447.4 | L10: 7022683.7 | M10: 7780570.2 | N10: 42256918 | O10: 9648720.4 | P10: 32608197 | Q10: 5547132.2 | R10: 4752689 | S10: 24083619 | T10: 11720878 | U10: 13926361 | V10: 4148599.1 | W10: 1261475.2 | X10: 0
A11: Владимирская область | B11: 4.5857579e+08 | C11: 16923879 | D11: 1732580.7 | E11: 1.3492282e+08 | F11: 12836840 | G11: 5047446.5 | H11: 22598467 | I11: 64565294 | J11: 23876048 | K11: 3693631.4 | L11: 9478603.4 | M11: 10277243 | N11: 60898631 | O11: 22138947 | P11: 38759684 | Q11: 16275646 | R11: 7337300.2 | S11: 27007113 | T11: 13612532 | U11: 20614506 | V11: 4435075.1 | W11: 2442130.2 | X11: 0
A12: Воронежская область | B12: 9.044963e+08 | C12: 1.2402472e+08 | D12: 4653348 | E12: 1.2053226e+08 | F12: 25202796 | G12: 7609533.2 | H12: 79251112 | I12: 1.6697831e+08 | J12: 56928179 | K12: 6834260.9 | L12: 18088974 | M12: 33113854 | N12: 85185488 | O12: 30670063 | P12: 54515425 | Q12: 34657160 | R12: 14744714 | S12: 54652507 | T12: 31206947 | U12: 32086431 | V12: 4501966.3 | W12: 4243746.1 | X12: 0
A13: Ивановская область | B13: 2.1825957e+08 | C13: 5605409.4 | D13: 207721.71 | E13: 35245093 | F13: 9712131.1 | G13: 2167298.1 | H13: 3722991.4 | I13: 37134251 | J13: 16774158 | K13: 2626267.9 | L13: 6430160.3 | M13: 6305479.9 | N13: 31770258 | O13: 11321900 | P13: 20448358 | Q13: 6485048.8 | R13: 3468412.4 | S13: 22441488 | T13: 9490782.7 | U13: 13824210 | V13: 2316730.6 | W13: 2531677 | X13: 0
A14: Калужская область | B14: 4.6808854e+08 | C14: 25649444 | D14: 1582736.7 | E14: 1.6552951e+08 | F14: 7100620.9 | G14: 4866916.4 | H14: 25033501 | I14: 52411358 | J14: 13520474 | K14: 4571575.9 | L14: 6335836.7 | M14: 12187605 | N14: 64182880 | O14: 20196759 | P14: 43986121 | Q14: 18294125 | R14: 6626556.3 | S14: 24334113 | T14: 12494089 | U14: 17545233 | V14: 3928635.5 | W14: 1893325.5 | X14: 0
A15: Костромская область | B15: 1.8822995e+08 | C15: 11573980 | D15: 101714.78 | E15: 39156137 | F15: 14318864 | G15: 1439815.6 | H15: 8439828.1 | I15: 25060789 | J15: 10128651 | K15: 2106587.6 | L15: 4410011.8 | M15: 10270862 | N15: 19407793 | O15: 7290530 | P15: 12117263 | Q15: 2816440.6 | R15: 2658703.7 | S15: 17057073 | T15: 7824222 | U15: 8555553.9 | V15: 2082924.3 | W15: 819997.64 | X15: 0
A16: Курская область | B16: 4.1195877e+08 | C16: 67813786 | D16: 36982614 | E16: 69023130 | F16: 29927548 | G16: 2824264.3 | H16: 21616675 | I16: 40177031 | J16: 18192968 | K16: 4229976.8 | L16: 4322078 | M16: 8174951 | N16: 35495226 | O16: 11930991 | P16: 23564235 | Q16: 8748543.9 | R16: 4724267.2 | S16: 22953523 | T16: 15786470 | U16: 16322323 | V16: 2685718.3 | W16: 1957676.7 | X16: 0
A17: Липецкая область | B17: 5.314086e+08 | C17: 56757491 | D17: 2355053.3 | E17: 2.0315706e+08 | F17: 10808362 | G17: 2640910 | H17: 35284076 | I17: 48263162 | J17: 23495151 | K17: 3310563.8 | L17: 9332524 | M17: 9668529.9 | N17: 53250178 | O17: 17251790 | P17: 35998388 | Q17: 6669602.8 | R17: 6982372 | S17: 24626990 | T17: 13028624 | U17: 16556311 | V17: 2657786.1 | W17: 2563853.8 | X17: 0
A18: Московская область | B18: 4.3449301e+09 | C18: 51788484 | D18: 9656376.5 | E18: 8.5910944e+08 | F18: 98774008 | G18: 26607974 | H18: 1.6392099e+08 | I18: 9.1921094e+08 | J18: 2.6580027e+08 | K18: 44047660 | L18: 59406883 | M18: 65858303 | N18: 7.5631407e+08 | O18: 3.0787925e+08 | P18: 4.4843483e+08 | Q18: 2.1846288e+08 | R18: 91618350 | S18: 3.7173208e+08 | T18: 1.1668951e+08 | U18: 1.6291305e+08 | V18: 44602495 | W18: 18416314 | X18: 0
... A102: Чукотский автономный округ | B102: 73738391 | C102: 2044290.1 | D102: 29816313 | E102: 318697.17 | F102: 7043193.6 | G102: 626142 | H102: 3657276.4 | I102: 4342124.3 | J102: 3471506.9 | K102: 202714.87 | L102: 391410.83 | M102: 921764.38 | N102: 856158.81 | O102: 260614.41 | P102: 595544.4 | Q102: 240147.61 | R102: 300966.66 | S102: 11189203 | T102: 3341305.4 | U102: 3939760.6 | V102: 770173.9 | W102: 265241.83 | X102: 0
A104: 1) Данные динамического ряда, начиная с 2016 года, содержат изменения, связанные с внедрением международной методологии оценки жилищных услуг, производимых и потребляемых собственниками жилья; оценкой потребления основного капитала, исходя из его текущей рыночной стоимости.
A105: 2)Данные динамического ряда, начиная с 2017 года, содержат изменения, связанные с включением в формирование показателей деятельности: кредитных организаций; финансовых услуг, кроме услуг по страхованию и пенсионному обеспечению; негосударственных пенсионных фондов; вспомогательной в сфере финансовых услуг и страхования.

Sheet 2.2018
A1: К содержанию
A2: Валовая добавленная стоимость по отраслям экономики в 2018 г.1)2) (в текущих ценах; тыс. руб.)
B3: Валовая добавленная стоимость | C3: в том числе
C4: Раздел A | D4: Раздел B | E4: Раздел C | F4: Раздел D | G4: Раздел E | H4: Раздел F | I4: Раздел G | J4: Раздел H | K4: Раздел I | L4: Раздел J | M4: Раздел K | N4: Раздел L | Q4: Раздел M | R4: Раздел N | S4: Раздел О | T4: Раздел P | U4: Раздел Q | V4: Раздел R | W4: Раздел S | X4: Раздел T
N5: Деятельность по операциям с недвижимым имуществом | O5: в том числе:
C6: Сельское, лесное хозяйство, охота, рыболовство и рыбоводство | D6: Добыча полезных ископаемых | E6: Обрабатывающие производства | F6: Обеспечение электрической энергией, газом и паром; кондиционирование воздуха | G6: Водоснабжение; водоотведение, организация сбора и утилизация отходов, деятельность по ликвидации загрязнений | H6: Строительство | I6: Торговля оптовая и розничная; ремонт автотранспортных средств и мотоциклов | J6: Транспортировка и хранение | K6: Деятельность гостиниц и предприятий общественного питания | L6: Деятельность в области информации и связи | M6: Деятельность финансовая и страховая | O6: Операции с недвижимым имуществом | P6: Услуги по проживанию в собственном жилище | Q6: Деятельность профессиональная, научная и техническая | R6: Деятельность административная и сопутствующие дополнительные услуги | S6: Государственное управление и обеспечение военной безопасности; социальное обеспечение | T6: Образование | U6: Деятельность в области здравоохранения и социальных услуг | V6: Деятельность в области культуры, спорта, организации досуга и развлечений | W6: Предоставление прочих видов услуг | X6: Деятельность домашних хозяйств как работодателей; недифференцированная деятельность частных домашних хозяйств по производству1)
A7: Российская Федерация из суммы субъектов Российской Федерации | B7: 9.3660756e+10 | C7: 3.6252586e+09 | D7: 1.2580126e+10 | E7: 1.5471018e+10 | F7: 2.5861404e+09 | G7: 5.3524614e+08 | H7: 4.7255525e+09 | I7: 1.3120391e+10 | J7: 6.4606541e+09 | K7: 8.9603461e+08 | L7: 2.5406594e+09 | M7: 3.9493791e+09 | N7: 9.0423768e+09 | O7: 3.6874127e+09 | P7: 5.3549641e+09 | Q7: 3.7124417e+09 | R7: 2.0181412e+09 | S7: 5.0004965e+09 | T7: 2.6063417e+09 | U7: 3.512297e+09 | V7: 8.0453288e+08 | W7: 4.7366802e+08 | X7: 0
A8: Центральный федеральный округ | B8: 3.332638e+10 | C8: 9.1027627e+08 | D8: 2.4147468e+08 | E8: 5.7505825e+09 | F8: 8.7898087e+08 | G8: 1.6835483e+08 | H8: 1.2668569e+09 | I8: 7.0421227e+09 | J8: 1.9804127e+09 | K8: 2.8534306e+08 | L8: 1.3973671e+09 | M8: 2.4856615e+09 | N8: 3.9363136e+09 | O8: 1.8919165e+09 | P8: 2.0443971e+09 | Q8: 1.9925511e+09 | R8: 8.2024392e+08 | S8: 1.7755271e+09 | T8: 7.996857e+08 | U8: 1.0665343e+09 | V8: 3.1841681e+08 | W8: 2.0967436e+08 | X8: 0
A9: Белгородская область | B9: 9.2383645e+08 | C9: 1.5727273e+08 | D9: 1.6758179e+08 | E9: 1.6023413e+08 | F9: 15083410 | G9: 3657386.1 | H9: 44018577 | I9: 1.1370637e+08 | J9: 38036922 | K9: 3762897.6 | L9: 12573998 | M9: 13729941 | N9: 77728806 | O9: 22034445 | P9: 55694361 | Q9: 12048134 | R9: 9452483.4 | S9: 34303686 | T9: 21756163 | U9: 29217824 | V9: 5633170.4 | W9: 4038035 | X9: 0
A10: Брянская область | B10: 3.7456761e+08 | C10: 61897929 | D10: 166779.83 | E10: 58607463 | F10: 10364699 | G10: 2956887.1 | H10: 13853990 | I10: 57585309 | J10: 30355927 | K10: 4967942.5 | L10: 7368383.5 | M10: 8665441.7 | N10: 43065890 | O10: 10491167 | P10: 32574723 | Q10: 4697000.6 | R10: 6092062.9 | S10: 26203826 | T10: 13266865 | U10: 16545225 | V10: 6403988.3 | W10: 1501995.2 | X10: 0
A11: Владимирская область | B11: 4.8962586e+08 | C11: 17324466 | D11: 1781287.2 | E11: 1.4995907e+08 | F11: 12677775 | G11: 6116833.7 | H11: 20028578 | I11: 67322159 | J11: 25623449 | K11: 3913028.1 | L11: 9842866.3 | M11: 11316636 | N11: 64957703 | O11: 21737602 | P11: 43220102 | Q11: 15752017 | R11: 7483597.3 | S11: 28891162 | T11: 15135846 | U11: 23543716 | V11: 5459369.4 | W11: 2496298.5 | X11: 0
A12: Воронежская область | B12: 9.8664146e+08 | C12: 1.2958412e+08 | D12: 4442198.8 | E12: 1.3882239e+08 | F12: 23661899 | G12: 6691241.1 | H12: 77852228 | I12: 1.7436249e+08 | J12: 67642002 | K12: 7642352.2 | L12: 22020181 | M12: 38117454 | N12: 95490192 | O12: 39340511 | P12: 56149681 | Q12: 40370553 | R12: 18011253 | S12: 57876842 | T12: 35589234 | U12: 39046092 | V12: 5570390.5 | W12: 3848353.9 | X12: 0
A13: Ивановская область | B13: 2.3891227e+08 | C13: 7728963.3 | D13: 391371.63 | E13: 38901365 | F13: 9257015.4 | G13: 2632534.1 | H13: 11862852 | I13: 38182171 | J13: 13805122 | K13: 2594980.5 | L13: 6096945.2 | M13: 7157231.6 | N13: 34427128 | O13: 13612192 | P13: 20814935 | Q13: 6663175.5 | R13: 3722289.8 | S13: 24149725 | T13: 10497886 | U13: 16047048 | V13: 2749577.2 | W13: 2044884.9 | X13: 0
A14: Калужская область | B14: 5.2034306e+08 | C14: 26468382 | D14: 1645797.4 | E14: 1.964804e+08 | F14: 6527963.8 | G14: 4305125.1 | H14: 24534357 | I14: 55024756 | J14: 14800494 | K14: 4987794.4 | L14: 7945845.9 | M14: 14182380 | N14: 69931595 | O14: 24803407 | P14: 45128188 | Q14: 18758382 | R14: 7022542.9 | S14: 26741762 | T14: 13435808 | U14: 20005928 | V14: 4600508.5 | W14: 2943236 | X14: 0
A15: Костромская область | B15: 2.1767349e+08 | C15: 13042974 | D15: 238553.96 | E15: 43048920 | F15: 14217059 | G15: 1717618.2 | H15: 8450841.8 | I15: 25976943 | J15: 11417748 | K15: 2205599.5 | L15: 4906265.3 | M15: 26511583 | N15: 20240269 | O15: 8483751.6 | P15: 11756518 | Q15: 3068049.4 | R15: 3254809.6 | S15: 17320137 | T15: 8754141.9 | U15: 9816552.5 | V15: 2279839.2 | W15: 1205583.6 | X15: 0
A16: Курская область | B16: 4.5890565e+08 | C16: 77674082 | D16: 49607863 | E16: 71503131 | F16: 27199032 | G16: 3765141.1 | H16: 27843266 | I16: 48498223 | J16: 19739053 | K16: 3822276.6 | L16: 4562740.3 | M16: 8995873.9 | N16: 35313876 | O16: 9339185.5 | P16: 25974690 | Q16: 7985522.7 | R16: 4848986 | S16: 24400970 | T16: 17525482 | U16: 20490972 | V16: 3046873.1 | W16: 2082290 | X16: 0
A17: Липецкая область | B17: 6.1282675e+08 | C17: 64931651 | D17: 2447550.1 | E17: 2.586183e+08 | F17: 9996089.5 | G17: 3117929 | H17: 34106464 | I17: 54493905 | J17: 23849631 | K17: 4574437.9 | L17: 12299424 | M17: 9367704.1 | N17: 56800110 | O17: 17823717 | P17: 38976394 | Q17: 7420920.2 | R17: 5904781.3 | S17: 25653496 | T17: 14734915 | U17: 18526361 | V17: 3177407.2 | W17: 2805667.6 | X17: 0
A18: Московская область | B18: 4.7135157e+09 | C18: 73608286 | D18: 6937666.9 | E18: 8.6415846e+08 | F18: 1.1804891e+08 | G18: 30369537 | H18: 2.2026218e+08 | I18: 1.0083394e+09 | J18: 2.7846867e+08 | K18: 55342176 | L18: 70851507 | M18: 88080552 | N18: 7.5614139e+08 | O18: 2.7635195e+08 | P18: 4.7978945e+08 | Q18: 2.5929176e+08 | R18: 97978440 | S18: 3.8985015e+08 | T18: 1.2920361e+08 | U18: 1.9029561e+08 | V18: 49421385 | W18: 26865973 | X18: 0
... A102: Чукотский автономный округ | B102: 84231422 | C102: 1978594.7 | D102: 31491355 | E102: 212676.19 | F102: 10416049 | G102: 576210.1 | H102: 5916320.9 | I102: 4923508.6 | J102: 3608314.6 | K102: 244669.38 | L102: 519385.83 | M102: 1034026.8 | N102: 1079549.4 | O102: 445925.23 | P102: 633624.2 | Q102: 1350568 | R102: 224761.59 | S102: 11400821 | T102: 3673196.6 | U102: 4421949.5 | V102: 841457.04 | W102: 318007.84 | X102: 0
A104: 1) Данные динамического ряда, начиная с 2016 года, содержат изменения, связанные с внедрением международной методологии оценки жилищных услуг, производимых и потребляемых собственниками жилья; оценкой потребления основного капитала, исходя из его текущей рыночной стоимости.
A105: 2)Данные динамического ряда, начиная с 2017 года, содержат изменения, связанные с включением в формирование показателей деятельности: кредитных организаций; финансовых услуг, кроме услуг по страхованию и пенсионному обеспечению; негосударственных пенсионных фондов; вспомогательной в сфере финансовых услуг и страхования.

Sheet 2.2019
A1: К содержанию
A2: Валовая добавленная стоимость по отраслям экономики в 2019 г.1)2) (в текущих ценах; тыс. руб.)
B3: Валовая добавленная стоимость | C3: в том числе
C4: Раздел A | D4: Раздел B | E4: Раздел C | F4: Раздел D | G4: Раздел E | H4: Раздел F | I4: Раздел G | J4: Раздел H | K4: Раздел I | L4: Раздел J | M4: Раздел K | N4: Раздел L | Q4: Раздел M | R4: Раздел N | S4: Раздел О | T4: Раздел P | U4: Раздел Q | V4: Раздел R | W4: Раздел S | X4: Раздел T
N5: Деятельность по операциям с недвижимым имуществом | O5: в том числе:
C6: Сельское, лесное хозяйство, охота, рыболовство и рыбоводство | D6: Добыча полезных ископаемых | E6: Обрабатывающие производства | F6: Обеспечение электрической энергией, газом и паром; кондиционирование воздуха | G6: Водоснабжение; водоотведение, организация сбора и утилизация отходов, деятельность по ликвидации загрязнений | H6: Строительство | I6: Торговля оптовая и розничная; ремонт автотранспортных средств и мотоциклов | J6: Транспортировка и хранение | K6: Деятельность гостиниц и предприятий общественного питания | L6: Деятельность в области информации и связи | M6: Деятельность финансовая и страховая | O6: Операции с недвижимым имуществом | P6: Услуги по проживанию в собственном жилище | Q6: Деятельность профессиональная, научная и техническая | R6: Деятельность административная и сопутствующие дополнительные услуги | S6: Государственное управление и обеспечение военной безопасности; социальное обеспечение | T6: Образование | U6: Деятельность в области здравоохранения и социальных услуг | V6: Деятельность в области культуры, спорта, организации досуга и развлечений | W6: Предоставление прочих видов услуг | X6: Деятельность домашних хозяйств как работодателей; недифференцированная деятельность частных домашних хозяйств по производству1)
A7: Российская Федерация из суммы субъектов Российской Федерации | B7: 9.8816841e+10 | C7: 3.9770573e+09 | D7: 1.2833677e+10 | E7: 1.6006226e+10 | F7: 2.7172196e+09 | G7: 5.563158e+08 | H7: 5.1838023e+09 | I7: 1.3414337e+10 | J7: 7.0195892e+09 | K7: 9.4552993e+08 | L7: 2.8598639e+09 | M7: 4.1882262e+09 | N7: 9.5903275e+09 | O7: 3.7914353e+09 | P7: 5.7988922e+09 | Q7: 3.9578637e+09 | R7: 2.2096355e+09 | S7: 5.307536e+09 | T7: 2.7989448e+09 | U7: 3.8476412e+09 | V7: 9.0677469e+08 | W7: 4.9627343e+08 | X7: 0
A8: Центральный федеральный округ | B8: 3.5536474e+10 | C8: 9.7392435e+08 | D8: 2.792042e+08 | E8: 5.9528094e+09 | F8: 9.2869497e+08 | G8: 1.7460545e+08 | H8: 1.5533866e+09 | I8: 7.1324855e+09 | J8: 2.2758111e+09 | K8: 2.9095649e+08 | L8: 1.5703729e+09 | M8: 2.7011114e+09 | N8: 4.0862652e+09 | O8: 1.8828627e+09 | P8: 2.2034025e+09 | Q8: 2.1168008e+09 | R8: 9.423063e+08 | S8: 1.9042889e+09 | T8: 8.4814543e+08 | U8: 1.1966885e+09 | V8: 3.8383674e+08 | W8: 2.2478028e+08 | X8: 0
A9: Белгородская область | B9: 9.6704074e+08 | C9: 1.6167304e+08 | D9: 1.8389786e+08 | E9: 1.4562044e+08 | F9: 14046048 | G9: 4875222.4 | H9: 49875831 | I9: 1.2078014e+08 | J9: 45082434 | K9: 3899482.8 | L9: 14205948 | M9: 12770176 | N9: 83804489 | O9: 24235254 | P9: 59569236 | Q9: 14796206 | R9: 9290015 | S9: 35411778 | T9: 24482317 | U9: 32141717 | V9: 6234846 | W9: 4152754.8 | X9: 0
A10: Брянская область | B10: 4.0712966e+08 | C10: 74264162 | D10: 183694.24 | E10: 60961142 | F10: 10133529 | G10: 2174663.6 | H10: 14581882 | I10: 62387262 | J10: 30777857 | K10: 5367336.6 | L10: 8056400.4 | M10: 9117230.1 | N10: 46947549 | O10: 11945715 | P10: 35001834 | Q10: 5328572.9 | R10: 6077836.6 | S10: 26878605 | T10: 14053012 | U10: 18115062 | V10: 10034452 | W10: 1689410.7 | X10: 0
A11: Владимирская область | B11: 5.449533e+08 | C11: 18317444 | D11: 2053099.2 | E11: 1.7277402e+08 | F11: 14032939 | G11: 6200771.1 | H11: 23601774 | I11: 70863413 | J11: 28870310 | K11: 4800085.1 | L11: 9708813.7 | M11: 10702038 | N11: 68460244 | O11: 24736177 | P11: 43724067 | Q11: 15505318 | R11: 7857720.1 | S11: 31001684 | T11: 16148254 | U11: 35976069 | V11: 5523053.8 | W11: 2556253.1 | X11: 0
A12: Воронежская область | B12: 1.0399849e+09 | C12: 1.2341456e+08 | D12: 5821799.5 | E12: 1.4435282e+08 | F12: 24599551 | G12: 8175328.4 | H12: 86597574 | I12: 1.8911144e+08 | J12: 77327062 | K12: 8774726.7 | L12: 21789623 | M12: 41205117 | N12: 91809019 | O12: 30179490 | P12: 61629529 | Q12: 42012562 | R12: 23551898 | S12: 61284251 | T12: 37655994 | U12: 41527720 | V12: 5915525.6 | W12: 5058289.1 | X12: 0
A13: Ивановская область | B13: 2.6156693e+08 | C13: 6966677.3 | D13: 589511.97 | E13: 46822035 | F13: 11144553 | G13: 2570267.3 | H13: 12749688 | I13: 38297844 | J13: 17638774 | K13: 2812769.7 | L13: 6417820.3 | M13: 7373445.6 | N13: 35475463 | O13: 13922854 | P13: 21552609 | Q13: 10100668 | R13: 4560255.6 | S13: 24819930 | T13: 11203249 | U13: 16945648 | V13: 3287966.6 | W13: 1790362.7 | X13: 0
A14: Калужская область | B14: 5.6160173e+08 | C14: 32610410 | D14: 2025265 | E14: 2.0928705e+08 | F14: 8686829.8 | G14: 3736866.6 | H14: 29574838 | I14: 56165686 | J14: 17192757 | K14: 5560200.8 | L14: 7807605.5 | M14: 12792692 | N14: 72075475 | O14: 24943119 | P14: 47132356 | Q14: 22263191 | R14: 10501668 | S14: 27674212 | T14: 14623023 | U14: 22131079 | V14: 4419483.8 | W14: 2473399.2 | X14: 0
A15: Костромская область | B15: 2.2373472e+08 | C15: 13902840 | D15: 482830.64 | E15: 46639512 | F15: 16738944 | G15: 2028528.9 | H15: 8901923.2 | I15: 25343231 | J15: 12975266 | K15: 2488851.8 | L15: 4852654 | M15: 20524254 | N15: 20488506 | O15: 7617390.3 | P15: 12871116 | Q15: 3150926.9 | R15: 3672684.5 | S15: 17887693 | T15: 9501042.7 | U15: 10949065 | V15: 2257877.4 | W15: 948092.69 | X15: 0
A16: Курская область | B16: 5.0373122e+08 | C16: 81090107 | D16: 64611833 | E16: 78578075 | F16: 27385148 | G16: 3219456.5 | H16: 36221675 | I16: 49104558 | J16: 20407763 | K16: 4134017.7 | L16: 5212565.4 | M16: 8700283.2 | N16: 40746607 | O16: 11129606 | P16: 29617001 | Q16: 7159273.1 | R16: 4953934.7 | S16: 25414931 | T16: 19038723 | U16: 22270773 | V16: 3235382.1 | W16: 2246111.2 | X16: 0
A17: Липецкая область | B17: 5.7896145e+08 | C17: 66363074 | D17: 2959604 | E17: 2.0511638e+08 | F17: 10301374 | G17: 2604466.8 | H17: 41436131 | I17: 56266783 | J17: 25862175 | K17: 4452108.7 | L17: 11513410 | M17: 10093041 | N17: 58430681 | O17: 18435080 | P17: 39995601 | Q17: 7907732.3 | R17: 5686533.5 | S17: 26874620 | T17: 16154503 | U17: 20417585 | V17: 3477277.6 | W17: 3043968.8 | X17: 0
A18: Московская область | B18: 5.2668844e+09 | C18: 81310513 | D18: 9742060.3 | E18: 9.6652251e+08 | F18: 1.2119308e+08 | G18: 32866345 | H18: 2.7399055e+08 | I18: 1.0547893e+09 | J18: 3.8220536e+08 | K18: 59352245 | L18: 92196027 | M18: 91217244 | N18: 8.0218934e+08 | O18: 2.8757041e+08 | P18: 514618932 | Q18: 2.9385014e+08 | R18: 1.4252567e+08 | S18: 4.2589748e+08 | T18: 1.439146e+08 | U18: 2.0719224e+08 | V18: 58115422 | W18: 27814245 | X18: 0
... A102: Чукотский автономный округ | B102: 95731874 | C102: 3208547.7 | D102: 37447302 | E102: 306680.56 | F102: 10799085 | G102: 743548.94 | H102: 7485195.6 | I102: 5612837.5 | J102: 3873523.5 | K102: 455300.71 | L102: 575095.38 | M102: 872243.78 | N102: 1002936 | O102: 327725.33 | P102: 675210.7 | Q102: 195061.98 | R102: 1221524.5 | S102: 12177685 | T102: 3990454.7 | U102: 4651354.9 | V102: 800147.84 | W102: 313349.01 | X102: 0
A104: 1) Данные динамического ряда, начиная с 2016 года, содержат изменения, связанные с внедрением международной методологии оценки жилищных услуг, производимых и потребляемых собственниками жилья; оценкой потребления основного капитала, исходя из его текущей рыночной стоимости.
A105: 2)Данные динамического ряда, начиная с 2017 года, содержат изменения, связанные с включением в формирование показателей деятельности: кредитных организаций; финансовых услуг, кроме услуг по страхованию и пенсионному обеспечению; негосударственных пенсионных фондов; вспомогательной в сфере финансовых услуг и страхования.

Sheet 2.2020
A1: К содержанию
A2: Валовая добавленная стоимость по отраслям экономики в 2020 г.1)2) (в текущих ценах; тыс. руб.)
B3: Валовая добавленная стоимость | C3: в том числе
C4: Раздел A | D4: Раздел B | E4: Раздел C | F4: Раздел D | G4: Раздел E | H4: Раздел F | I4: Раздел G | J4: Раздел H | K4: Раздел I | L4: Раздел J | M4: Раздел K | N4: Раздел L | Q4: Раздел M | R4: Раздел N | S4: Раздел О | T4: Раздел P | U4: Раздел Q | V4: Раздел R | W4: Раздел S | X4: Раздел T
N5: Деятельность по операциям с недвижимым имуществом | O5: в том числе:
C6: Сельское, лесное хозяйство, охота, рыболовство и рыбоводство | D6: Добыча полезных ископаемых | E6: Обрабатывающие производства | F6: Обеспечение электрической энергией, газом и паром; кондиционирование воздуха | G6: Водоснабжение; водоотведение, организация сбора и утилизация отходов, деятельность по ликвидации загрязнений | H6: Строительство | I6: Торговля оптовая и розничная; ремонт автотранспортных средств и мотоциклов | J6: Транспортировка и хранение | K6: Деятельность гостиниц и предприятий общественного питания | L6: Деятельность в области информации и связи | M6: Деятельность финансовая и страховая | O6: Операции с недвижимым имуществом | P6: Услуги по проживанию в собственном жилище | Q6: Деятельность профессиональная, научная и техническая | R6: Деятельность административная и сопутствующие дополнительные услуги | S6: Государственное управление и обеспечение военной безопасности; социальное обеспечение | T6: Образование | U6: Деятельность в области здравоохранения и социальных услуг | V6: Деятельность в области культуры, спорта, организации досуга и развлечений | W6: Предоставление прочих видов услуг | X6: Деятельность домашних хозяйств как работодателей; недифференцированная деятельность частных домашних хозяйств по производству1)
A7: Российская Федерация из суммы субъектов Российской Федерации | B7: 9.8691534e+10 | C7: 4.4467918e+09 | D7: 9.8097377e+09 | E7: 1.6072977e+10 | F7: 2.6612799e+09 | G7: 6.0746747e+08 | H7: 5.4186031e+09 | I7: 1.284939e+10 | J7: 6.5983605e+09 | K7: 7.6122787e+08 | L7: 3.213524e+09 | M7: 4.8268671e+09 | N7: 1.0300363e+10 | O7: 3.9875311e+09 | P7: 6.3128318e+09 | Q7: 4.5312797e+09 | R7: 2.2760884e+09 | S7: 5.6519421e+09 | T7: 2.9507764e+09 | U7: 4.3526423e+09 | V7: 8.1373936e+08 | W7: 5.4847639e+08 | X7: 0
A8: Центральный федеральный округ | B8: 3.7015346e+10 | C8: 1.0901956e+09 | D8: 2.9910889e+08 | E8: 5.8189899e+09 | F8: 8.9511239e+08 | G8: 2.0172791e+08 | H8: 1.7180278e+09 | I8: 6.8201516e+09 | J8: 1.9590926e+09 | K8: 2.4570276e+08 | L8: 1.8398182e+09 | M8: 3.2080398e+09 | N8: 4.4484222e+09 | O8: 2.0296608e+09 | P8: 2.4187613e+09 | Q8: 2.5554046e+09 | R8: 9.7286678e+08 | S8: 2.039465e+09 | T8: 9.0910452e+08 | U8: 1.3811965e+09 | V8: 3.328646e+08 | W8: 2.8005446e+08 | X8: 0
A9: Белгородская область | B9: 1.00921e+09 | C9: 1.6882093e+08 | D9: 2.0266988e+08 | E9: 1.4848042e+08 | F9: 14228997 | G9: 4209277.6 | H9: 50429289 | I9: 1.20461e+08 | J9: 36959409 | K9: 3820780.3 | L9: 16564458 | M9: 13552807 | N9: 91465151 | O9: 26440015 | P9: 65025136 | Q9: 15800124 | R9: 10204442 | S9: 38121108 | T9: 27308119 | U9: 34851107 | V9: 6356924.9 | W9: 4905774.9 | X9: 0
A10: Брянская область | B10: 4.2219669e+08 | C10: 73841093 | D10: 138200.45 | E10: 64410399 | F10: 12255466 | G10: 2291673 | H10: 19384334 | I10: 60190820 | J10: 31098092 | K10: 3220489.7 | L10: 8673150.5 | M10: 9179142.1 | N10: 49748488 | O10: 12370877 | P10: 37377611 | Q10: 5319881.6 | R10: 5877866.1 | S10: 28790158 | T10: 14553614 | U10: 20260712 | V10: 11179325 | W10: 1783781 | X10: 0
A11: Владимирская область | B11: 5.6307657e+08 | C11: 19019963 | D11: 2212331.7 | E11: 1.9546246e+08 | F11: 14240719 | G11: 4455691.4 | H11: 24444291 | I11: 61638939 | J11: 26135600 | K11: 4069303.2 | L11: 10414274 | M11: 12229149 | N11: 66687128 | O11: 22072924 | P11: 44614204 | Q11: 16063854 | R11: 8626356.6 | S11: 32769491 | T11: 16226292 | U11: 41203720 | V11: 4586337.5 | W11: 2590666.8 | X11: 0
A12: Воронежская область | B12: 1.1052951e+09 | C12: 1.5685008e+08 | D12: 5732333.6 | E12: 1.6908918e+08 | F12: 34111141 | G12: 9335954.2 | H12: 70053200 | I12: 1.9091484e+08 | J12: 54149917 | K12: 7302400.1 | L12: 24684780 | M12: 46631517 | N12: 98225705 | O12: 32002209 | P12: 66223496 | Q12: 52390652 | R12: 21155437 | S12: 66572504 | T12: 38709253 | U12: 48875182 | V12: 4583507.7 | W12: 5927559.8 | X12: 0
A13: Ивановская область | B13: 2.7634712e+08 | C13: 8460731 | D13: 583546.63 | E13: 58704752 | F13: 11251007 | G13: 2466512.9 | H13: 12387331 | I13: 38784681 | J13: 13947459 | K13: 2483861.7 | L13: 6552951.6 | M13: 8147636.3 | N13: 37514734 | O13: 15222289 | P13: 22292445 | Q13: 9006164.2 | R13: 5439982.4 | S13: 25169978 | T13: 11379477 | U13: 19531141 | V13: 2789444.1 | W13: 1745734.3 | X13: 0
A14: Калужская область | B14: 5.7369082e+08 | C14: 31339908 | D14: 2095564.8 | E14: 2.2115013e+08 | F14: 9395974.8 | G14: 3426934.8 | H14: 26383628 | I14: 50468070 | J14: 17531720 | K14: 4281586.4 | L14: 7509875.1 | M14: 13103896 | N14: 73064679 | O14: 24677078 | P14: 48387601 | Q14: 24040119 | R14: 11234454 | S14: 30212168 | T14: 16024999 | U14: 25668470 | V14: 4132319.9 | W14: 2626323.6 | X14: 0
A15: Костромская область | B15: 2.1800392e+08 | C15: 15693186 | D15: 387676.15 | E15: 47261203 | F15: 14660943 | G15: 2330640.4 | H15: 8698039.4 | I15: 20920664 | J15: 12369625 | K15: 1883277.9 | L15: 5284931.8 | M15: 14571880 | N15: 22697636 | O15: 9160129.7 | P15: 13537506 | Q15: 3644352.7 | R15: 3815047.2 | S15: 18872393 | T15: 9837354.7 | U15: 11748542 | V15: 2199781.9 | W15: 1126748.8 | X15: 0
A16: Курская область | B16: 5.3105876e+08 | C16: 1.027555e+08 | D16: 64641011 | E16: 74223245 | F16: 26886442 | G16: 2555554.3 | H16: 26952387 | I16: 49018857 | J16: 20452862 | K16: 2832654.2 | L16: 6168962.9 | M16: 9544036 | N16: 47073155 | O16: 12340652 | P16: 34732504 | Q16: 13007704 | R16: 5116910.1 | S16: 27108700 | T16: 20435735 | U16: 26512668 | V16: 3090780.9 | W16: 2681598.2 | X16: 0
A17: Липецкая область | B17: 6.2721966e+08 | C17: 77123986 | D17: 3632144.8 | E17: 2.2589173e+08 | F17: 9636372.3 | G17: 3223381.7 | H17: 43349588 | I17: 61466783 | J17: 26162827 | K17: 3569245.2 | L17: 12616845 | M17: 10714623 | N17: 60219136 | O17: 16501296 | P17: 43717839 | Q17: 6898457.4 | R17: 7762197.2 | S17: 28819398 | T17: 16721759 | U17: 23471585 | V17: 3150502.3 | W17: 2789096.9 | X17: 0
A18: Московская область | B18: 5.4851378e+09 | C18: 67432150 | D18: 9868339.1 | E18: 1.0738145e+09 | F18: 1.3079888e+08 | G18: 36997887 | H18: 3.3246716e+08 | I18: 1.0321785e+09 | J18: 2.589496e+08 | K18: 40523841 | L18: 1.0550472e+08 | M18: 1.115746e+08 | N18: 8.9604992e+08 | O18: 2.9065514e+08 | P18: 6.0539478e+08 | Q18: 3.0794432e+08 | R18: 1.5028455e+08 | S18: 4.3388113e+08 | T18: 1.5660052e+08 | U18: 2.5012598e+08 | V18: 57130732 | W18: 33010478 | X18: 0
... A102: Чукотский автономный округ | B102: 1.2068744e+08 | C102: 2527389.7 | D102: 54652904 | E102: 281876.73 | F102: 15434635 | G102: 771554.17 | H102: 8971880.8 | I102: 5792495 | J102: 4182379 | K102: 498961.72 | L102: 604737.47 | M102: 756270.28 | N102: 1460647.4 | O102: 745477.98 | P102: 715169.4 | Q102: 208317.23 | R102: 431276.89 | S102: 12885810 | T102: 4275659.4 | U102: 5584688 | V102: 770099.38 | W102: 595860.64 | X102: 0
A104: 1) Данные динамического ряда, начиная с 2016 года, содержат изменения, связанные с внедрением международной методологии оценки жилищных услуг, производимых и потребляемых собственниками жилья; оценкой потребления основного капитала, исходя из его текущей рыночной стоимости.
A105: 2)Данные динамического ряда, начиная с 2017 года, содержат изменения, связанные с включением в формирование показателей деятельности: кредитных организаций; финансовых услуг, кроме услуг по страхованию и пенсионному обеспечению; негосударственных пенсионных фондов; вспомогательной в сфере финансовых услуг и страхования.

Sheet 2.2021
A1: К содержанию
A2: Валовая добавленная стоимость по отраслям экономики в 2021 г.1)2) (в текущих ценах; тыс. руб.)
B3: Валовая добавленная стоимость | C3: в том числе
C4: Раздел A | D4: Раздел B | E4: Раздел C | F4: Раздел D | G4: Раздел E | H4: Раздел F | I4: Раздел G | J4: Раздел H | K4: Раздел I | L4: Раздел J | M4: Раздел K | N4: Раздел L | Q4: Раздел M | R4: Раздел N | S4: Раздел О | T4: Раздел P | U4: Раздел Q | V4: Раздел R | W4: Раздел S | X4: Раздел T
N5: Деятельность по операциям с недвижимым имуществом | O5: в том числе:
C6: Сельское, лесное хозяйство, охота, рыболовство и рыбоводство | D6: Добыча полезных ископаемых | E6: Обрабатывающие производства | F6: Обеспечение электрической энергией, газом и паром; кондиционирование воздуха | G6: Водоснабжение; водоотведение, организация сбора и утилизация отходов, деятельность по ликвидации загрязнений | H6: Строительство | I6: Торговля оптовая и розничная; ремонт автотранспортных средств и мотоциклов | J6: Транспортировка и хранение | K6: Деятельность гостиниц и предприятий общественного питания | L6: Деятельность в области информации и связи | M6: Деятельность финансовая и страховая | O6: Операции с недвижимым имуществом | P6: Услуги по проживанию в собственном жилище | Q6: Деятельность профессиональная, научная и техническая | R6: Деятельность административная и сопутствующие дополнительные услуги | S6: Государственное управление и обеспечение военной безопасности; социальное обеспечение | T6: Образование | U6: Деятельность в области здравоохранения и социальных услуг | V6: Деятельность в области культуры, спорта, организации досуга и развлечений | W6: Предоставление прочих видов услуг | X6: Деятельность домашних хозяйств как работодателей; недифференцированная деятельность частных домашних хозяйств по производству1)
A7: Российская Федерация из суммы субъектов Российской Федерации | B7: 1.2702335e+11 | C7: 5.4799033e+09 | D7: 1.7528034e+10 | E7: 2.0951321e+10 | F7: 3.0144558e+09 | G7: 7.1139813e+08 | H7: 6.2808862e+09 | I7: 1.7738384e+10 | J7: 8.2382642e+09 | K7: 1.0771357e+09 | L7: 4.0099187e+09 | M7: 5.5022582e+09 | N7: 1.2566336e+10 | O7: 4.3434011e+09 | P7: 8.2229346e+09 | Q7: 5.4115432e+09 | R7: 2.7395476e+09 | S7: 6.0570022e+09 | T7: 3.9831918e+09 | U7: 3.9536975e+09 | V7: 1.1667753e+09 | W7: 6.1329662e+08 | X7: 0
A8: Центральный федеральный округ | B8: 4.4910902e+10 | C8: 1.3427843e+09 | D8: 6.0081522e+08 | E8: 7.8790153e+09 | F8: 1.0333871e+09 | G8: 2.4515395e+08 | H8: 2.0657042e+09 | I8: 7.3305066e+09 | J8: 2.73266e+09 | K8: 3.8319199e+08 | L8: 2.4561472e+09 | M8: 3.8000536e+09 | N8: 5.5860757e+09 | O8: 2.1323852e+09 | P8: 3.4536905e+09 | Q8: 2.942184e+09 | R8: 1.2544875e+09 | S8: 1.8800289e+09 | T8: 1.2532557e+09 | U8: 1.3139717e+09 | V8: 5.1188964e+08 | W8: 2.9958903e+08 | X8: 0
A9: Белгородская область | B9: 1.3721357e+09 | C9: 2.0980968e+08 | D9: 4.2867035e+08 | E9: 1.9124026e+08 | F9: 15473235 | G9: 5828884.7 | H9: 51670710 | I9: 1.2902067e+08 | J9: 45491008 | K9: 4521229.9 | L9: 17219397 | M9: 14128928 | N9: 1.0162162e+08 | O9: 22361399 | P9: 79260221 | Q9: 19871524 | R9: 12617903 | S9: 42749875 | T9: 40134308 | U9: 29879690 | V9: 7121891.7 | W9: 5064558.4 | X9: 0
A10: Брянская область | B10: 4.9132619e+08 | C10: 95829073 | D10: 164727.75 | E10: 77342778 | F10: 14529711 | G10: 3593543.3 | H10: 16621422 | I10: 67359223 | J10: 35263662 | K10: 4302048.1 | L10: 9395373.8 | M10: 9834001.7 | N10: 52481223 | O10: 13744392 | P10: 38736831 | Q10: 7938628.9 | R10: 5513412.5 | S10: 34643251 | T10: 18633726 | U10: 19419738 | V10: 16579308 | W10: 1881336.1 | X10: 0
A11: Владимирская область | B11: 7.403523e+08 | C11: 22031209 | D11: 3300501 | E11: 3.200719e+08 | F11: 17365448 | G11: 4824300.7 | H11: 26666750 | I11: 81740979 | J11: 29594039 | K11: 5947272.1 | L11: 11706374 | M11: 12409399 | N11: 82367588 | O11: 20110427 | P11: 62257160 | Q11: 17989447 | R11: 10770167 | S11: 39117074 | T11: 22350700 | U11: 23092395 | V11: 6023905.7 | W11: 2982850.9 | X11: 0
A12: Воронежская область | B12: 1.3201981e+09 | C12: 2.0495536e+08 | D12: 5254323.3 | E12: 2.2203674e+08 | F12: 34247362 | G12: 9605025.8 | H12: 72319080 | I12: 2.3100038e+08 | J12: 62496146 | K12: 9711082.3 | L12: 27770060 | M12: 50296627 | N12: 1.2550524e+08 | O12: 33506161 | P12: 91999081 | Q12: 61015685 | R12: 27081149 | S12: 71145110 | T12: 44320687 | U12: 47589488 | V12: 7044325.6 | W12: 6804277.3 | X12: 0
A13: Ивановская область | B13: 3.1500877e+08 | C13: 8768797.1 | D13: 631272.15 | E13: 68206418 | F13: 13783795 | G13: 2085500.8 | H13: 13156228 | I13: 48567173 | J13: 16118291 | K13: 2832273.4 | L13: 7404176.7 | M13: 7800723.8 | N13: 39040909 | O13: 13599867 | P13: 25441042 | Q13: 11902864 | R13: 7474642.1 | S13: 30909146 | T13: 15074345 | U13: 16180302 | V13: 3362659.1 | W13: 1709252.4 | X13: 0
A14: Калужская область | B14: 6.8264501e+08 | C14: 36267398 | D14: 2285008.6 | E14: 2.8453501e+08 | F14: 10392159 | G14: 3464062.1 | H14: 33389056 | I14: 61177285 | J14: 23949301 | K14: 6144096.5 | L14: 8555448.8 | M14: 12905312 | N14: 81744240 | O14: 26111697 | P14: 55632543 | Q14: 20938976 | R14: 12179568 | S14: 34886468 | T14: 20549974 | U14: 22126302 | V14: 4513067.9 | W14: 2642273.3 | X14: 0
A15: Костромская область | B15: 2.6294381e+08 | C15: 18242335 | D15: 481537.11 | E15: 62792535 | F15: 17767014 | G15: 2325681.2 | H15: 11726557 | I15: 26609811 | J15: 15550344 | K15: 2417273.1 | L15: 6373838.3 | M15: 16154643 | N15: 25965843 | O15: 9347538.5 | P15: 16618305 | Q15: 4187901.3 | R15: 4372920.8 | S15: 22007469 | T15: 11382971 | U15: 10693984 | V15: 2824916.2 | W15: 1066236.5 | X15: 0
A16: Курская область | B16: 6.9724921e+08 | C16: 1.1754326e+08 | D16: 1.3575593e+08 | E16: 79934526 | F16: 28698408 | G16: 3230236.3 | H16: 46630566 | I16: 60688333 | J16: 23843079 | K16: 3044526.7 | L16: 6816208.5 | M16: 10276230 | N16: 56600778 | O16: 12353970 | P16: 44246808 | Q16: 27487639 | R16: 6406493.6 | S16: 33274764 | T16: 25670251 | U16: 24759174 | V16: 3852476.5 | W16: 2736340 | X16: 0
A17: Липецкая область | B17: 8.6212959e+08 | C17: 73328799 | D17: 3640481.8 | E17: 4.1152024e+08 | F17: 8651811 | G17: 4224621.6 | H17: 50212049 | I17: 75197526 | J17: 31946544 | K17: 4561395 | L17: 13170376 | M17: 11044283 | N17: 72209620 | O17: 16333635 | P17: 55875985 | Q17: 9912707.8 | R17: 9986598.8 | S17: 32974039 | T17: 20652679 | U17: 21317457 | V17: 4871487.2 | W17: 2706875.9 | X17: 0
A18: Московская область | B18: 6.8917693e+09 | C18: 95956259 | D18: 12119777 | E18: 1.3415158e+09 | F18: 1.5021141e+08 | G18: 47784021 | H18: 3.6168258e+08 | I18: 1.4972372e+09 | J18: 4.0223249e+08 | K18: 64503212 | L18: 1.2641011e+08 | M18: 1.1624266e+08 | N18: 1.1476463e+09 | O18: 3.623199e+08 | P18: 7.8532636e+08 | Q18: 3.4985305e+08 | R18: 1.767711e+08 | S18: 4.5598716e+08 | T18: 2.0525027e+08 | U18: 2.3670634e+08 | V18: 61363022 | W18: 42296531 | X18: 0
... A102: Чукотский автономный округ | B102: 1.4072888e+08 | C102: 2985271.1 | D102: 56490867 | E102: 247311.34 | F102: 18491345 | G102: 745140.17 | H102: 15149321 | I102: 7999942.5 | J102: 5704764.8 | K102: 667114.55 | L102: 658613.28 | M102: 730992.88 | N102: 1636080.1 | O102: 892061.4 | P102: 744018.7 | Q102: 1230250.4 | R102: 602478.91 | S102: 15514802 | T102: 5317450.3 | U102: 4615181.4 | V102: 1401854.5 | W102: 540095.94 | X102: 0
A104: 1) Данные динамического ряда, начиная с 2016 года, содержат изменения, связанные с внедрением международной методологии оценки жилищных услуг, производимых и потребляемых собственниками жилья; оценкой потребления основного капитала, исходя из его текущей рыночной стоимости.
A105: 2)Данные динамического ряда, начиная с 2017 года, содержат изменения, связанные с включением в формирование показателей деятельности: кредитных организаций; финансовых услуг, кроме услуг по страхованию и пенсионному обеспечению; негосударственных пенсионных фондов; вспомогательной в сфере финансовых услуг и страхования.

Sheet 2.2022
A1: К содержанию
A2: Валовая добавленная стоимость по отраслям экономики в 2022 г.1)2)3) (в текущих ценах; тыс. руб.)
B3: Валовая добавленная стоимость | C3: в том числе
C4: Раздел A | D4: Раздел B | E4: Раздел C | F4: Раздел D | G4: Раздел E | H4: Раздел F | I4: Раздел G | J4: Раздел H | K4: Раздел I | L4: Раздел J | M4: Раздел K | N4: Раздел L | Q4: Раздел M | R4: Раздел N | S4: Раздел О | T4: Раздел P | U4: Раздел Q | V4: Раздел R | W4: Раздел S | X4: Раздел T
N5: Деятельность по операциям с недвижимым имуществом | O5: в том числе:
C6: Сельское, лесное хозяйство, охота, рыболовство и рыбоводство | D6: Добыча полезных ископаемых | E6: Обрабатывающие производства | F6: Обеспечение электрической энергией, газом и паром; кондиционирование воздуха | G6: Водоснабжение; водоотведение, организация сбора и утилизация отходов, деятельность по ликвидации загрязнений | H6: Строительство | I6: Торговля оптовая и розничная; ремонт автотранспортных средств и мотоциклов | J6: Транспортировка и хранение | K6: Деятельность гостиниц и предприятий общественного питания | L6: Деятельность в области информации и связи | M6: Деятельность финансовая и страховая | O6: Операции с недвижимым имуществом | P6: Услуги по проживанию в собственном жилище | Q6: Деятельность профессиональная, научная и техническая | R6: Деятельность административная и сопутствующие дополнительные услуги | S6: Государственное управление и обеспечение военной безопасности; социальное обеспечение | T6: Образование | U6: Деятельность в области здравоохранения и социальных услуг | V6: Деятельность в области культуры, спорта, организации досуга и развлечений | W6: Предоставление прочих видов услуг | X6: Деятельность домашних хозяйств как работодателей; недифференцированная деятельность частных домашних хозяйств по производству1)
A7: Российская Федерация из суммы субъектов Российской Федерации | B7: 1.4386984e+11 | C7: 5.8051212e+09 | D7: 2.0515399e+10 | E7: 2.2024359e+10 | F7: 3.1963103e+09 | G7: 7.2758944e+08 | H7: 7.590696e+09 | I7: 2.0720399e+10 | J7: 9.6811063e+09 | K7: 1.2560181e+09 | L7: 4.6779883e+09 | M7: 5.0984291e+09 | N7: 1.5069883e+10 | O7: 5.0555886e+09 | P7: 1.0014294e+10 | Q7: 6.4656778e+09 | R7: 3.2973785e+09 | S7: 6.8891042e+09 | T7: 4.4905387e+09 | U7: 4.1650764e+09 | V7: 1.5608611e+09 | W7: 6.37903e+08 | X7: 0
A8: Центральный федеральный округ | B8: 4.9588866e+10 | C8: 1.3259288e+09 | D8: 3.9048994e+08 | E8: 7.8323305e+09 | F8: 1.0704253e+09 | G8: 2.4998322e+08 | H8: 2.5262588e+09 | I8: 8.1081903e+09 | J8: 3.3281791e+09 | K8: 4.2713102e+08 | L8: 2.8923703e+09 | M8: 3.5949713e+09 | N8: 6.618024e+09 | O8: 2.4085468e+09 | P8: 4.2094772e+09 | Q8: 3.5797558e+09 | R8: 1.6557787e+09 | S8: 2.1594502e+09 | T8: 1.3962522e+09 | U8: 1.3534443e+09 | V8: 7.7650463e+08 | W8: 3.0339708e+08 | X8: 0
A9: Белгородская область | B9: 1.2926374e+09 | C9: 1.8712863e+08 | D9: 2.8099343e+08 | E9: 2.1954693e+08 | F9: 16256989 | G9: 5817977.8 | H9: 54704119 | I9: 1.4635258e+08 | J9: 56291387 | K9: 5740850.4 | L9: 20780473 | M9: 12982682 | N9: 1.1112631e+08 | O9: 28594820 | P9: 82531489 | Q9: 19608877 | R9: 14931871 | S9: 48414517 | T9: 44832861 | U9: 34007463 | V9: 8181611.1 | W9: 4937824.8 | X9: 0
A10: Брянская область | B10: 5.5500014e+08 | C10: 96275121 | D10: 210277.43 | E10: 1.0584487e+08 | F10: 15273657 | G10: 3031120.7 | H10: 16684580 | I10: 76663636 | J10: 43051602 | K10: 4903987.3 | L10: 8987079.1 | M10: 9045916.4 | N10: 53017811 | O10: 14579380 | P10: 38438431 | Q10: 8554154.8 | R10: 7094810.3 | S10: 39891061 | T10: 21568642 | U10: 21095195 | V10: 21902371 | W10: 1904238.7 | X10: 0
A11: Владимирская область | B11: 7.8744095e+08 | C11: 23377316 | D11: 5211821.3 | E11: 2.6877593e+08 | F11: 18203466 | G11: 5094830.3 | H11: 56606556 | I11: 98459827 | J11: 34124480 | K11: 6063201.6 | L11: 15016212 | M11: 11003623 | N11: 1.0309433e+08 | O11: 27257667 | P11: 75836663 | Q11: 25580491 | R11: 11424395 | S11: 45036765 | T11: 25025154 | U11: 25673012 | V11: 6713943.7 | W11: 2955600.9 | X11: 0
A12: Воронежская область | B12: 1.4016334e+09 | C12: 2.2130601e+08 | D12: 6064526.1 | E12: 2.1564945e+08 | F12: 35297660 | G12: 9836074 | H12: 82525914 | I12: 2.2547564e+08 | J12: 76137696 | K12: 10917699 | L12: 31072936 | M12: 42786952 | N12: 1.5371414e+08 | O12: 39140559 | P12: 1.1457358e+08 | Q12: 66948618 | R12: 24548942 | S12: 82521444 | T12: 51462876 | U12: 49570104 | V12: 9693567.3 | W12: 6103198.4 | X12: 0
A13: Ивановская область | B13: 3.6799591e+08 | C13: 10912458 | D13: 654998.95 | E13: 92590211 | F13: 13075361 | G13: 2262341.2 | H13: 11283686 | I13: 55908025 | J13: 18607883 | K13: 3267538.5 | L13: 8146910.9 | M13: 6724873.5 | N13: 48897666 | O13: 13727391 | P13: 35170276 | Q13: 12749600 | R13: 7228083 | S13: 35485241 | T13: 16759484 | U13: 17089617 | V13: 4361513.6 | W13: 1990421.2 | X13: 0
A14: Калужская область | B14: 6.9711684e+08 | C14: 43023946 | D14: 2303974.7 | E14: 2.525191e+08 | F14: 10933380 | G14: 3111151.7 | H14: 28785093 | I14: 72385647 | J14: 33491243 | K14: 6880356.9 | L14: 11944344 | M14: 11179607 | N14: 98743578 | O14: 29962674 | P14: 68780904 | Q14: 16056822 | R14: 13042547 | S14: 38305433 | T14: 22298278 | U14: 23740562 | V14: 5661642.1 | W14: 2710125.3 | X14: 0
A15: Костромская область | B15: 2.9112719e+08 | C15: 18655176 | D15: 596569.9 | E15: 72703706 | F15: 18957389 | G15: 2421546.1 | H15: 9346764.6 | I15: 30252802 | J15: 18533766 | K15: 2819409.1 | L15: 7175108.7 | M15: 17007049 | N15: 30022288 | O15: 9261271 | P15: 20761017 | Q15: 5030230 | R15: 4398444.8 | S15: 24115974 | T15: 12774218 | U15: 11706820 | V15: 3343532.1 | W15: 1266395.8 | X15: 0
A16: Курская область | B16: 6.706525e+08 | C16: 1.1141845e+08 | D16: 67484331 | E16: 1.0651329e+08 | F16: 27707012 | G16: 2915382.6 | H16: 50280445 | I16: 69594210 | J16: 27100169 | K16: 3575049.4 | L16: 7167788.9 | M16: 8491722.1 | N16: 65924996 | O16: 12997656 | P16: 52927340 | Q16: 16450650 | R16: 7228080.8 | S16: 38150869 | T16: 28695837 | U16: 24512613 | V16: 4984396.1 | W16: 2457204.7 | X16: 0
A17: Липецкая область | B17: 7.8695723e+08 | C17: 75904270 | D17: 4391623.9 | E17: 2.9452699e+08 | F17: 9629693.2 | G17: 3656580.2 | H17: 43464033 | I17: 79409706 | J17: 37274056 | K17: 5160341.3 | L17: 14766733 | M17: 8877103.8 | N17: 93580751 | O17: 17884827 | P17: 75695924 | Q17: 10955082 | R17: 11866832 | S17: 37170653 | T17: 23426396 | U17: 24755089 | V17: 5455637.9 | W17: 2685661 | X17: 0
A18: Московская область | B18: 7.8433486e+09 | C18: 1.1317962e+08 | D18: 10619705 | E18: 1.4663453e+09 | F18: 1.5474829e+08 | G18: 51517896 | H18: 4.1456433e+08 | I18: 1.6239508e+09 | J18: 5.2063872e+08 | K18: 74428323 | L18: 1.3675141e+08 | M18: 97870561 | N18: 1.3796314e+09 | O18: 4.2632871e+08 | P18: 9.5330273e+08 | Q18: 3.7844012e+08 | R18: 1.9749049e+08 | S18: 525490329 | T18: 2.2347946e+08 | U18: 2.3895528e+08 | V18: 1.9489966e+08 | W18: 40346892 | X18: 0
... A102: Чукотский автономный округ | B102: 1.45632e+08 | C102: 2911155.9 | D102: 41987778 | E102: 355254.92 | F102: 19007027 | G102: 728784.94 | H102: 26044060 | I102: 7002634.1 | J102: 10914072 | K102: 1170069.3 | L102: 761003.48 | M102: 596969.38 | N102: 2017569.2 | O102: 836423.61 | P102: 1181145.6 | Q102: 1338731.8 | R102: 665552.86 | S102: 17254145 | T102: 6006826.9 | U102: 4736351.8 | V102: 1572924.5 | W102: 561084.6 | X102: 0
A104: 1) Данные динамического ряда, начиная с 2016 года, содержат изменения, связанные с внедрением международной методологии оценки жилищных услуг, производимых и потребляемых собственниками жилья; оценкой потребления основного капитала, исходя из его текущей рыночной стоимости.
A105: 2) Без учета статистической информации по Донецкой Народной Республике (ДНР), Луганской Народной Республике (ЛНР), Запорожской и Херсонской областям
A106: 3)Данные динамического ряда, начиная с 2017 года, содержат изменения, связанные с включением в формирование показателей деятельности: кредитных организаций; финансовых услуг, кроме услуг по страхованию и пенсионному обеспечению; негосударственных пенсионных фондов; вспомогательной в сфере финансовых услуг и страхования.

Sheet 2.2023
A1: К содержанию
A2: Валовая добавленная стоимость по отраслям экономики в 2023 г.1)2)3) (в текущих ценах; тыс. руб.)
B3: Валовая добавленная стоимость | C3: в том числе
C4: Раздел A | D4: Раздел B | E4: Раздел C | F4: Раздел D | G4: Раздел E | H4: Раздел F | I4: Раздел G | J4: Раздел H | K4: Раздел I | L4: Раздел J | M4: Раздел K | N4: Раздел L | Q4: Раздел M | R4: Раздел N | S4: Раздел О | T4: Раздел P | U4: Раздел Q | V4: Раздел R | W4: Раздел S | X4: Раздел T
N5: Деятельность по операциям с недвижимым имуществом | O5: в том числе:
C6: Сельское, лесное хозяйство, охота, рыболовство и рыбоводство | D6: Добыча полезных ископаемых | E6: Обрабатывающие производства | F6: Обеспечение электрической энергией, газом и паром; кондиционирование воздуха | G6: Водоснабжение; водоотведение, организация сбора и утилизация отходов, деятельность по ликвидации загрязнений | H6: Строительство | I6: Торговля оптовая и розничная; ремонт автотранспортных средств и мотоциклов | J6: Транспортировка и хранение | K6: Деятельность гостиниц и предприятий общественного питания | L6: Деятельность в области информации и связи | M6: Деятельность финансовая и страховая | O6: Операции с недвижимым имуществом | P6: Услуги по проживанию в собственном жилище | Q6: Деятельность профессиональная, научная и техническая | R6: Деятельность административная и сопутствующие дополнительные услуги | S6: Государственное управление и обеспечение военной безопасности; социальное обеспечение | T6: Образование | U6: Деятельность в области здравоохранения и социальных услуг | V6: Деятельность в области культуры, спорта, организации досуга и развлечений | W6: Предоставление прочих видов услуг | X6: Деятельность домашних хозяйств как работодателей; недифференцированная деятельность частных домашних хозяйств по производству1)
A7: Российская Федерация из суммы субъектов Российской Федерации | B7: 1.630191e+11 | C7: 5.9066321e+09 | D7: 2.1940517e+10 | E7: 2.5067498e+10 | F7: 3.6100264e+09 | G7: 8.2873971e+08 | H7: 9.1205787e+09 | I7: 2.2074516e+10 | J7: 1.1664846e+10 | K7: 1.5091059e+09 | L7: 5.9934436e+09 | M7: 7.1545561e+09 | N7: 1.6859439e+10 | O7: 5.6490479e+09 | P7: 1.1210391e+10 | Q7: 7.6954084e+09 | R7: 3.5286389e+09 | S7: 7.8930753e+09 | T7: 4.9844919e+09 | U7: 4.5980607e+09 | V7: 1.8034092e+09 | W7: 7.861157e+08 | X7: 0
A8: Центральный федеральный округ | B8: 5.8592616e+10 | C8: 1.4182246e+09 | D8: 3.6911328e+08 | E8: 9.1620066e+09 | F8: 1.2096082e+09 | G8: 2.8234214e+08 | H8: 2.8848508e+09 | I8: 9.6461079e+09 | J8: 4.0005412e+09 | K8: 5.4105872e+08 | L8: 3.9452659e+09 | M8: 5.0215048e+09 | N8: 7.1934904e+09 | O8: 2.6197599e+09 | P8: 4573730454 | Q8: 4.2693728e+09 | R8: 1.872234e+09 | S8: 2.4480575e+09 | T8: 1.5644635e+09 | U8: 1.4901164e+09 | V8: 8.7426239e+08 | W8: 3.9999528e+08 | X8: 0
A9: Белгородская область | B9: 1.355634e+09 | C9: 1.9821731e+08 | D9: 2.5463684e+08 | E9: 2.3890536e+08 | F9: 17583785 | G9: 6083398.5 | H9: 67910906 | I9: 1.4937785e+08 | J9: 69995832 | K9: 6833754.4 | L9: 24176183 | M9: 17761661 | N9: 1.1244936e+08 | O9: 26319754 | P9: 86129605 | Q9: 24102769 | R9: 15058374 | S9: 55028321 | T9: 47715898 | U9: 36410112 | V9: 8612482.7 | W9: 4773823.8 | X9: 0
A10: Брянская область | B10: 6.453556e+08 | C10: 1.2149179e+08 | D10: 121966.6 | E10: 1.3688578e+08 | F10: 16460688 | G10: 3629162.8 | H10: 20306132 | I10: 74351357 | J10: 51162143 | K10: 5066003.5 | L10: 10749161 | M10: 12306192 | N10: 70096794 | O10: 13679414 | P10: 56417380 | Q10: 11850746 | R10: 7420977.4 | S10: 46459186 | T10: 23191573 | U10: 24772439 | V10: 6785128.5 | W10: 2248380.8 | X10: 0
A11: Владимирская область | B11: 8.9357665e+08 | C11: 26284148 | D11: 6008199.8 | E11: 2.9656626e+08 | F11: 23653034 | G11: 5214812.2 | H11: 62237998 | I11: 1.1888594e+08 | J11: 40986239 | K11: 6767011.3 | L11: 15827299 | M11: 14262429 | N11: 1.1793573e+08 | O11: 28584157 | P11: 89351574 | Q11: 25609307 | R11: 12825152 | S11: 52199599 | T11: 27631535 | U11: 29568758 | V11: 7848834.3 | W11: 3264364.9 | X11: 0
A12: Воронежская область | B12: 1.5449899e+09 | C12: 2.3636692e+08 | D12: 7749577.5 | E12: 2.2451579e+08 | F12: 38463942 | G12: 10125359 | H12: 97263064 | I12: 2.3828605e+08 | J12: 88065228 | K12: 13091132 | L12: 31209370 | M12: 63423253 | N12: 1.5682323e+08 | O12: 53997837 | P12: 1.028254e+08 | Q12: 77445243 | R12: 31456122 | S12: 94840673 | T12: 58429703 | U12: 58562939 | V12: 10932673 | W12: 7939620.3 | X12: 0
A13: Ивановская область | B13: 4.4039344e+08 | C13: 15450398 | D13: 945375.53 | E13: 1.1566741e+08 | F13: 13590548 | G13: 2484444.1 | H13: 15460374 | I13: 69069507 | J13: 21064362 | K13: 3537755.1 | L13: 9595705.6 | M13: 9117918.7 | N13: 55843775 | O13: 17545316 | P13: 38298460 | Q13: 15244561 | R13: 8009401.7 | S13: 41249824 | T13: 18150686 | U13: 18490667 | V13: 5142818.2 | W13: 2277908.7 | X13: 0
A14: Калужская область | B14: 8.0796743e+08 | C14: 51119534 | D14: 3503480.9 | E14: 2.9912767e+08 | F14: 11228731 | G14: 3367360.7 | H14: 26231751 | I14: 86537472 | J14: 39106036 | K14: 8707126.8 | L14: 15969860 | M14: 16079536 | N14: 1.0286473e+08 | O14: 29458301 | P14: 73406426 | Q14: 27335001 | R14: 12439191 | S14: 43237808 | T14: 24975072 | U14: 25680560 | V14: 6638399.1 | W14: 3818116.1 | X14: 0
A15: Костромская область | B15: 3.3733733e+08 | C15: 22942851 | D15: 637882.94 | E15: 79995938 | F15: 20392443 | G15: 2530318 | H15: 11572099 | I15: 32993552 | J15: 23098412 | K15: 3878846.6 | L15: 9054349.9 | M15: 23332197 | N15: 35000518 | O15: 8276081.6 | P15: 26724437 | Q15: 6271217.8 | R15: 5647817.8 | S15: 28280607 | T15: 13704447 | U15: 12803626 | V15: 3863942.4 | W15: 1336265.2 | X15: 0
A16: Курская область | B16: 7.5552078e+08 | C16: 1.1293535e+08 | D16: 61422078 | E16: 1.3231093e+08 | F16: 33966768 | G16: 3630994.5 | H16: 57934659 | I16: 79828583 | J16: 32335341 | K16: 4097849.7 | L16: 9349547.1 | M16: 11874662 | N16: 72301603 | O16: 13792538 | P16: 58509066 | Q16: 24549599 | R16: 8357297.7 | S16: 44744748 | T16: 31607558 | U16: 26166290 | V16: 5248539.6 | W16: 2858376.1 | X16: 0
A17: Липецкая область | B17: 9.543661e+08 | C17: 79401967 | D17: 4491884.8 | E17: 4.0871934e+08 | F17: 12197622 | G17: 6346660.1 | H17: 51141322 | I17: 86516542 | J17: 39816954 | K17: 5912333.9 | L17: 17841658 | M17: 10915308 | N17: 1.0070462e+08 | O17: 16609492 | P17: 84095132 | Q17: 13703115 | R17: 11780108 | S17: 42835672 | T17: 25419621 | U17: 26978566 | V17: 6646802.8 | W17: 2995999 | X17: 0
A18: Московская область | B18: 9.3303587e+09 | C18: 1.0726805e+08 | D18: 14188224 | E18: 1.8793082e+09 | F18: 1.7580377e+08 | G18: 65703442 | H18: 4.5207059e+08 | I18: 1.9066622e+09 | J18: 6.563743e+08 | K18: 86401791 | L18: 1.927802e+08 | M18: 1.3479329e+08 | N18: 1.5372591e+09 | O18: 5.0998166e+08 | P18: 1.0272774e+09 | Q18: 5.5017423e+08 | R18: 1.9395529e+08 | S18: 5.8962927e+08 | T18: 2.3844247e+08 | U18: 2.5557989e+08 | V18: 2.4323069e+08 | W18: 50733696 | X18: 0
... A102: Чукотский автономный округ | B102: 1.876024e+08 | C102: 2510533.2 | D102: 69348972 | E102: 839963.72 | F102: 22659154 | G102: 808685.59 | H102: 31944536 | I102: 7103623.1 | J102: 11084920 | K102: 1224588.2 | L102: 807452.4 | M102: 912771 | N102: 2124961.6 | O102: 850027.29 | P102: 1274934.3 | Q102: 1617546.2 | R102: 758084.44 | S102: 20092028 | T102: 6469774.2 | U102: 4988306.7 | V102: 1631105.7 | W102: 675393.05 | X102: 0
A104: 1) Данные динамического ряда, начиная с 2016 года, содержат изменения, связанные с внедрением международной методологии оценки жилищных услуг, производимых и потребляемых собственниками жилья; оценкой потребления основного капитала, исходя из его текущей рыночной стоимости.
A105: 2) Без учета статистической информации по Донецкой Народной Республике (ДНР), Луганской Народной Республике (ЛНР), Запорожской и Херсонской областям
A106: 3)Данные динамического ряда, начиная с 2017 года, содержат изменения, связанные с включением в формирование показателей деятельности: кредитных организаций; финансовых услуг, кроме услуг по страхованию и пенсионному обеспечению; негосударственных пенсионных фондов; вспомогательной в сфере финансовых услуг и страхования.

Sheet 2.2024
A1: К содержанию
A2: Валовая добавленная стоимость по отраслям экономики в 2024 г.1)2)3) (в текущих ценах; тыс. руб.)
B3: Валовая добавленная стоимость | C3: в том числе
C4: Раздел A | D4: Раздел B | E4: Раздел C | F4: Раздел D | G4: Раздел E | H4: Раздел F | I4: Раздел G | J4: Раздел H | K4: Раздел I | L4: Раздел J | M4: Раздел K | N4: Раздел L | Q4: Раздел M | R4: Раздел N | S4: Раздел О | T4: Раздел P | U4: Раздел Q | V4: Раздел R | W4: Раздел S | X4: Раздел T
N5: Деятельность по операциям с недвижимым имуществом | O5: в том числе:
C6: Сельское, лесное хозяйство, охота, рыболовство и рыбоводство | D6: Добыча полезных ископаемых | E6: Обрабатывающие производства | F6: Обеспечение электрической энергией, газом и паром; кондиционирование воздуха | G6: Водоснабжение; водоотведение, организация сбора и утилизация отходов, деятельность по ликвидации загрязнений | H6: Строительство | I6: Торговля оптовая и розничная; ремонт автотранспортных средств и мотоциклов | J6: Транспортировка и хранение | K6: Деятельность гостиниц и предприятий общественного питания | L6: Деятельность в области информации и связи | M6: Деятельность финансовая и страховая | O6: Операции с недвижимым имуществом | P6: Услуги по проживанию в собственном жилище | Q6: Деятельность профессиональная, научная и техническая | R6: Деятельность административная и сопутствующие дополнительные услуги | S6: Государственное управление и обеспечение военной безопасности; социальное обеспечение | T6: Образование | U6: Деятельность в области здравоохранения и социальных услуг | V6: Деятельность в области культуры, спорта, организации досуга и развлечений | W6: Предоставление прочих видов услуг | X6: Деятельность домашних хозяйств как работодателей; недифференцированная деятельность частных домашних хозяйств по производству1)
A7: Российская Федерация из суммы субъектов Российской Федерации | B7: 1.8654508e+11 | C7: 6.6044253e+09 | D7: 2.5470935e+10 | E7: 2.8629826e+10 | F7: 3.9413495e+09 | G7: 9.0489462e+08 | H7: 1.0471331e+10 | I7: 2.4313567e+10 | J7: 1.3246399e+10 | K7: 1.9691523e+09 | L7: 7.4034747e+09 | M7: 7.2772905e+09 | N7: 1.9967713e+10 | O7: 6.6155478e+09 | P7: 1.3352165e+10 | Q7: 9.2363184e+09 | R7: 4.0587245e+09 | S7: 8.9306629e+09 | T7: 5.7076954e+09 | U7: 5.3856097e+09 | V7: 2.1195323e+09 | W7: 9.061804e+08 | X7: 0
A8: Центральный федеральный округ | B8: 6.6158466e+10 | C8: 1.5433349e+09 | D8: 4.462839e+08 | E8: 1.0438406e+10 | F8: 1.3054228e+09 | G8: 3.0613009e+08 | H8: 2.9169724e+09 | I8: 1.0186936e+10 | J8: 4.6157311e+09 | K8: 7.2981051e+08 | L8: 4.9754628e+09 | M8: 5.2041141e+09 | N8: 8.4118905e+09 | O8: 3.1416623e+09 | P8: 5.2702283e+09 | Q8: 5.2540453e+09 | R8: 2.084753e+09 | S8: 2.7603118e+09 | T8: 1.7535723e+09 | U8: 1.7537805e+09 | V8: 1.0250459e+09 | W8: 4.4646218e+08 | X8: 0
A9: Белгородская область | B9: 1.5148967e+09 | C9: 2.1102103e+08 | D9: 3.0385984e+08 | E9: 2.5765987e+08 | F9: 17821829 | G9: 6159429.9 | H9: 74028749 | I9: 1.6753498e+08 | J9: 81782700 | K9: 7671291.3 | L9: 27744045 | M9: 23554453 | N9: 1.2043312e+08 | O9: 28378507 | P9: 92054617 | Q9: 27068851 | R9: 17001788 | S9: 63128872 | T9: 52024684 | U9: 40255053 | V9: 10689675 | W9: 5456439.5 | X9: 0
A10: Брянская область | B10: 7.2416762e+08 | C10: 1.3505787e+08 | D10: 174095.91 | E10: 1.5881337e+08 | F10: 17713099 | G10: 3470582.2 | H10: 20821126 | I10: 86128904 | J10: 55948376 | K10: 5904938 | L10: 12811001 | M10: 11477728 | N10: 78065528 | O10: 19070767 | P10: 58994761 | Q10: 11130840 | R10: 8760460.8 | S10: 52901509 | T10: 27555311 | U10: 28465856 | V10: 5941504.8 | W10: 3025521.7 | X10: 0
A11: Владимирская область | B11: 9.694779e+08 | C11: 29413779 | D11: 7719302.3 | E11: 3.4738768e+08 | F11: 24708490 | G11: 6121630.7 | H11: 33688086 | I11: 1.3794778e+08 | J11: 47341350 | K11: 10445000 | L11: 16951671 | M11: 13174524 | N11: 1.1613116e+08 | O11: 28788298 | P11: 87342867 | Q11: 25865828 | R11: 15221705 | S11: 56431541 | T11: 32570057 | U11: 35641521 | V11: 9174094.1 | W11: 3542692.2 | X11: 0
A12: Воронежская область | B12: 1.7175508e+09 | C12: 2.2822272e+08 | D12: 8951471.5 | E12: 2.6294053e+08 | F12: 40924821 | G12: 10760672 | H12: 1.065229e+08 | I12: 2.6557849e+08 | J12: 97686822 | K12: 16661401 | L12: 36641766 | M12: 58338652 | N12: 1.9473026e+08 | O12: 58698713 | P12: 1.3603155e+08 | Q12: 89208579 | R12: 37478850 | S12: 1.065333e+08 | T12: 65784641 | U12: 68501882 | V12: 12937064 | W12: 9146015.2 | X12: 0
A13: Ивановская область | B13: 5.0279475e+08 | C13: 17181729 | D13: 1177095.7 | E13: 1.328665e+08 | F13: 13272535 | G13: 3150467.9 | H13: 21073855 | I13: 78540558 | J13: 27265142 | K13: 4594899.9 | L13: 11310189 | M13: 7781620.7 | N13: 59890297 | O13: 16287716 | P13: 43602581 | Q13: 17297321 | R13: 8733106.4 | S13: 47279668 | T13: 21177984 | U13: 21434708 | V13: 5953275.5 | W13: 2813792.1 | X13: 0
A14: Калужская область | B14: 9.1301893e+08 | C14: 57971458 | D14: 3830601.1 | E14: 3.532406e+08 | F14: 12908973 | G14: 4382133.8 | H14: 31722130 | I14: 91746948 | J14: 40153285 | K14: 11219715 | L14: 16779371 | M14: 16100157 | N14: 1.1032602e+08 | O14: 35187614 | P14: 75138409 | Q14: 28807257 | R14: 15526042 | S14: 49571341 | T14: 27726089 | U14: 28052624 | V14: 8117759.4 | W14: 4836417.9 | X14: 0
A15: Костромская область | B15: 4.0079932e+08 | C15: 26407555 | D15: 887536.81 | E15: 1.0861092e+08 | F15: 21175207 | G15: 2540182.8 | H15: 12671277 | I15: 37212676 | J15: 26577797 | K15: 4584733.9 | L15: 9391516.9 | M15: 20052487 | N15: 43239808 | O15: 11217957 | P15: 32021851 | Q15: 9196391.9 | R15: 6228830.5 | S15: 32128015 | T15: 16508971 | U15: 14840698 | V15: 7075617.9 | W15: 1469095.2 | X15: 0
A16: Курская область | B16: 8.320408e+08 | C16: 1.048901e+08 | D16: 73485697 | E16: 1.5298253e+08 | F16: 30886707 | G16: 3938713.5 | H16: 64249607 | I16: 90083336 | J16: 38327370 | K16: 5348671.8 | L16: 10701448 | M16: 10962067 | N16: 85755956 | O16: 16562787 | P16: 69193169 | Q16: 26551260 | R16: 8747588.2 | S16: 51525144 | T16: 35022140 | U16: 30199162 | V16: 5281275.3 | W16: 3102026.6 | X16: 0
A17: Липецкая область | B17: 1.044659e+09 | C17: 88352052 | D17: 5730126.2 | E17: 3.9374421e+08 | F17: 12175549 | G17: 10015547 | H17: 69339069 | I17: 1.0160188e+08 | J17: 50290201 | K17: 7354521.7 | L17: 20423402 | M17: 10111329 | N17: 1.1804156e+08 | O17: 21309302 | P17: 96732254 | Q17: 16558387 | R17: 16124267 | S17: 49116648 | T17: 30294108 | U17: 34644817 | V17: 7366459.6 | W17: 3374912.6 | X17: 0
A18: Московская область | B18: 1.0883332e+10 | C18: 1.314944e+08 | D18: 21296568 | E18: 2.3559574e+09 | F18: 1.9337863e+08 | G18: 80981845 | H18: 5.5466726e+08 | I18: 2.1605878e+09 | J18: 7.678574e+08 | K18: 1.1966517e+08 | L18: 2.9218553e+08 | M18: 133333784 | N18: 1.6784883e+09 | O18: 6.2307523e+08 | P18: 1.0554131e+09 | Q18: 5.8314103e+08 | R18: 2.4639308e+08 | S18: 660103118 | T18: 2.787015e+08 | U18: 3.2007143e+08 | V18: 2.4254708e+08 | W18: 62480622 | X18: 0
... A102: Чукотский автономный округ | B102: 2.2409762e+08 | C102: 2639963.7 | D102: 95117912 | E102: 1022652.7 | F102: 24453010 | G102: 1216566.6 | H102: 34695369 | I102: 8776141.4 | J102: 7879343.5 | K102: 1808210.4 | L102: 1056631.6 | M102: 858997 | N102: 2575157.2 | O102: 1013422.3 | P102: 1561734.9 | Q102: 1970943.8 | R102: 862916.18 | S102: 23947016 | T102: 7070608.4 | U102: 5469041.1 | V102: 1772247.8 | W102: 904888.72 | X102: 0
A104: 1) Данные динамического ряда, начиная с 2016 года, содержат изменения, связанные с внедрением международной методологии оценки жилищных услуг, производимых и потребляемых собственниками жилья; оценкой потребления основного капитала, исходя из его текущей рыночной стоимости.
A105: 2) Без учета статистической информации по Донецкой Народной Республике (ДНР), Луганской Народной Республике (ЛНР), Запорожской и Херсонской областям
A106: 3)Данные динамического ряда, начиная с 2017 года, содержат изменения, связанные с включением в формирование показателей деятельности: кредитных организаций; финансовых услуг, кроме услуг по страхованию и пенсионному обеспечению; негосударственных пенсионных фондов; вспомогательной в сфере финансовых услуг и страхования.

Sheet 3. 2016
A1: К содержанию
A2: Отраслевая структура валовой добавленной стоимости субъектов Российской Федерации в 2016 г.1)2) (в текущих ценах; в процентах к итогу)
B3: Валовая добавленная стоимость в основных ценах | C3: в том числе
C4: Раздел A | D4: Раздел B | E4: Раздел C | F4: Раздел D | G4: Раздел E | H4: Раздел F | I4: Раздел G | J4: Раздел H | K4: Раздел I | L4: Раздел J | M4: Раздел K | N4: Раздел L | Q4: Раздел M | R4: Раздел N | S4: Раздел О | T4: Раздел P | U4: Раздел Q | V4: Раздел R | W4: Раздел S | X4: Раздел T
N5: Деятельность по операциям с недвижимым имуществом | O5: в том числе:
C6: Сельское, лесное хозяйство, охота, рыболовство и рыбоводство | D6: Добыча полезных ископаемых | E6: Обрабатывающие производства | F6: Обеспечение электрической энергией, газом и паром; кондиционирование воздуха | G6: Водоснабжение; водоотведение, организация сбора и утилизация отходов, деятельность по ликвидации загрязнений | H6: Строительство | I6: Торговля оптовая и розничная; ремонт автотранспортных средств и мотоциклов | J6: Транспортировка и хранение | K6: Деятельность гостиниц и предприятий общественного питания | L6: Деятельность в области информации и связи | M6: Деятельность финансовая и страховая | O6: Операции с недвижимым имуществом | P6: Услуги по проживанию в собственном жилище | Q6: Деятельность профессиональная, научная и техническая | R6: Деятельность административная и сопутствующие дополнительные услуги | S6: Государственное управление и обеспечение военной безопасности; социальное обеспечение | T6: Образование | U6: Деятельность в области здравоохранения и социальных услуг | V6: Деятельность в области культуры, спорта, организации досуга и развлечений | W6: Предоставление прочих видов услуг | X6: Деятельность домашних хозяйств как работодателей; недифференцированная деятельность частных домашних хозяйств по производству1)
A7: Российская Федерация из суммы субъектов Российской Федерации | B7: =SUM(C7:N7,Q7:X7) -> 100 | C7: 4.6 | D7: 10.1 | E7: 15.9 | F7: 3.3 | G7: 0.6 | H7: 6.2 | I7: 15.7 | J7: 7.5 | K7: 1 | L7: 2.8 | M7: 0.8 | N7: 10.8 | O7: ='2.2016'!O7/'2.2016'!$B7*100 -> 4.1421939 | P7: ='2.2016'!P7/'2.2016'!$B7*100 -> 6.6197836 | Q7: 4.4 | R7: 2.4 | S7: 6.1 | T7: 2.8 | U7: 3.7 | V7: 0.8 | W7: 0.5 | X7: 0
A8: Центральный федеральный округ | B8: =SUM(C8:N8,Q8:X8) -> 100 | C8: 2.9 | D8: 0.5 | E8: 14.8 | F8: 3.5 | G8: 0.5 | H8: 5.1 | I8: 23 | J8: 6.4 | K8: 0.8 | L8: 4.4 | M8: 1.7 | N8: 13.8 | O8: ='2.2016'!O8/'2.2016'!$B8*100 -> 6.0627946 | P8: ='2.2016'!P8/'2.2016'!$B8*100 -> 7.6536375 | Q8: 6.9 | R8: 2.6 | S8: 6.1 | T8: 2.4 | U8: 3.2 | V8: 0.8 | W8: 0.6 | X8: 0
A9: Белгородская область | B9: =SUM(C9:N9,Q9:X9) -> 100 | C9: 18.2 | D9: 10.3 | E9: 19.4 | F9: 2.5 | G9: 0.6 | H9: 6.5 | I9: 14.3 | J9: 4.1 | K9: 0.4 | L9: 1.4 | M9: 0.2 | N9: 9 | O9: ='2.2016'!O9/'2.2016'!$B9*100 -> 2.6073416 | P9: ='2.2016'!P9/'2.2016'!$B9*100 -> 6.4255793 | Q9: 1.6 | R9: 1.2 | S9: 3.8 | T9: 2.4 | U9: 3.1 | V9: 0.6 | W9: 0.4 | X9: 0
A10: Брянская область | B10: =SUM(C10:N10,Q10:X10) -> 100 | C10: 16.4 | D10: 0.1 | E10: 14.7 | F10: 2.9 | G10: 0.7 | H10: 4.4 | I10: 16.3 | J10: 7.3 | K10: 1.7 | L10: 2.2 | M10: 0.4 | N10: 13.2 | O10: ='2.2016'!O10/'2.2016'!$B10*100 -> 3.0607346 | P10: ='2.2016'!P10/'2.2016'!$B10*100 -> 10.122411 | Q10: 1.6 | R10: 1.7 | S10: 7.6 | T10: 3.4 | U10: 4 | V10: 1 | W10: 0.4 | X10: 0
A11: Владимирская область | B11: =SUM(C11:N11,Q11:X11) -> 100 | C11: 3.8 | D11: 0.3 | E11: 33 | F11: 3.9 | G11: 1 | H11: 4.5 | I11: 11.3 | J11: 5.1 | K11: 0.9 | L11: 1.8 | M11: 0.4 | N11: 14.3 | O11: ='2.2016'!O11/'2.2016'!$B11*100 -> 5.2524251 | P11: ='2.2016'!P11/'2.2016'!$B11*100 -> 9.0650691 | Q11: 3.2 | R11: 1.7 | S11: 6.3 | T11: 2.7 | U11: 4.4 | V11: 0.9 | W11: 0.5 | X11: 0
A12: Воронежская область | B12: =SUM(C12:N12,Q12:X12) -> 100 | C12: 14.2 | D12: 0.4 | E12: 14.9 | F12: 3.5 | G12: 0.8 | H12: 8.1 | I12: 18 | J12: 6.7 | K12: 0.8 | L12: 1.7 | M12: 0.3 | N12: 10.5 | O12: ='2.2016'!O12/'2.2016'!$B12*100 -> 3.71833 | P12: ='2.2016'!P12/'2.2016'!$B12*100 -> 6.831268 | Q12: 3.9 | R12: 1.8 | S12: 6.3 | T12: 3.6 | U12: 3.5 | V12: 0.5 | W12: 0.5 | X12: 0
A13: Ивановская область | B13: =SUM(C13:N13,Q13:X13) -> 100 | C13: 3.8 | D13: 0.2 | E13: 14.4 | F13: 4.4 | G13: 0.9 | H13: 1.6 | I13: 20.9 | J13: 5.4 | K13: 1.2 | L13: 2.9 | M13: 0.2 | N13: 15.2 | O13: ='2.2016'!O13/'2.2016'!$B13*100 -> 5.3768029 | P13: ='2.2016'!P13/'2.2016'!$B13*100 -> 9.831658 | Q13: 3.5 | R13: 2.2 | S13: 10.9 | T13: 4.4 | U13: 6.1 | V13: 1.1 | W13: 0.7 | X13: 0
A14: Калужская область | B14: =SUM(C14:N14,Q14:X14) -> 100 | C14: 5.1 | D14: 0.4 | E14: 33.1 | F14: 1.7 | G14: 0.9 | H14: 7.6 | I14: 11.8 | J14: 3 | K14: 0.9 | L14: 2 | M14: 0.3 | N14: 13.8 | O14: ='2.2016'!O14/'2.2016'!$B14*100 -> 3.960955 | P14: ='2.2016'!P14/'2.2016'!$B14*100 -> 9.7982721 | Q14: 4.2 | R14: 1.1 | S14: 5.7 | T14: 2.9 | U14: 4.1 | V14: 0.9 | W14: 0.5 | X14: 0
A15: Костромская область | B15: =SUM(C15:N15,Q15:X15) -> 100 | C15: 6.2 | D15: 0.1 | E15: 20.8 | F15: 7.8 | G15: 0.7 | H15: 5.5 | I15: 14.8 | J15: 5.8 | K15: 1.2 | L15: 2.4 | M15: 0.3 | N15: 11.5 | O15: ='2.2016'!O15/'2.2016'!$B15*100 -> 3.9913261 | P15: ='2.2016'!P15/'2.2016'!$B15*100 -> 7.4870341 | Q15: 1.4 | R15: 1.3 | S15: 9.5 | T15: 4.3 | U15: 4.8 | V15: 1.1 | W15: 0.5 | X15: 0
A16: Курская область | B16: =SUM(C16:N16,Q16:X16) -> 100 | C16: 16.5 | D16: 8.3 | E16: 17.6 | F16: 7 | G16: 0.6 | H16: 6.6 | I16: 9.6 | J16: 4.3 | K16: 0.8 | L16: 1.2 | M16: 0.3 | N16: 9 | O16: ='2.2016'!O16/'2.2016'!$B16*100 -> 3.1211146 | P16: ='2.2016'!P16/'2.2016'!$B16*100 -> 5.86564 | Q16: 2.4 | R16: 1.1 | S16: 5.9 | T16: 3.8 | U16: 3.9 | V16: 0.6 | W16: 0.5 | X16: 0
A17: Липецкая область | B17: =SUM(C17:N17,Q17:X17) -> 100 | C17: 11.7 | D17: 0.5 | E17: 38.6 | F17: 1.8 | G17: 0.7 | H17: 7.7 | I17: 9.6 | J17: 3.4 | K17: 0.6 | L17: 1.6 | M17: 0.4 | N17: 9.6 | O17: ='2.2016'!O17/'2.2016'!$B17*100 -> 2.3315064 | P17: ='2.2016'!P17/'2.2016'!$B17*100 -> 7.2278845 | Q17: 1.1 | R17: 1.4 | S17: 4.7 | T17: 2.4 | U17: 3.2 | V17: 0.5 | W17: 0.5 | X17: 0
A18: Московская область | B18: =SUM(C18:N18,Q18:X18) -> 100 | C18: 1.4 | D18: 0.2 | E18: 17.6 | F18: 2.6 | G18: 0.5 | H18: 5.1 | I18: 21.8 | J18: 6.3 | K18: 1 | L18: 1.2 | M18: 0.4 | N18: 19.1 | O18: ='2.2016'!O18/'2.2016'!$B18*100 -> 7.6238955 | P18: ='2.2016'!P18/'2.2016'!$B18*100 -> 11.524133 | Q18: 5.6 | R18: 1.4 | S18: 8.4 | T18: 2.5 | U18: 3.6 | V18: 0.8 | W18: 0.5 | X18: 0
... A102: Чукотский автономный округ | B102: =SUM(C102:N102,Q102:X102) -> 100 | C102: 1 | D102: 46.3 | E102: 0.4 | F102: 9.6 | G102: 0.9 | H102: 5.7 | I102: 4.5 | J102: 3.7 | K102: 0.2 | L102: 0.8 | M102: 0.1 | N102: 1 | O102: ='2.2016'!O102/'2.2016'!$B102*100 -> 0.21066256 | P102: ='2.2016'!P102/'2.2016'!$B102*100 -> 0.77638436 | Q102: 0.4 | R102: 0.3 | S102: 14.8 | T102: 4.2 | U102: 4.9 | V102: 0.9 | W102: 0.3 | X102: 0
A104: 1) Данные динамического ряда, начиная с 2016 года, содержат изменения, связанные с внедрением международной методологии оценки жилищных услуг, производимых и потребляемых собственниками жилья; оценкой потребления основного капитала, исходя из его текущей рыночной стоимости.
A105: 2)Данные за 2016 год, содержат изменения, связанные с включением в формирование показателей деятельности: финансовых услуг, кроме услуг по страхованию и пенсионному обеспечению; негосударственных пенсионных фондов; вспомогательной в сфере финансовых услуг и страхования.

Sheet 3. 2017
A1: К содержанию
A2: Отраслевая структура валовой добавленной стоимости субъектов Российской Федерации в 2017 г.1)2) (в текущих ценах; в процентах к итогу)
B3: Валовая добавленная стоимость в основных ценах | C3: в том числе
C4: Раздел A | D4: Раздел B | E4: Раздел C | F4: Раздел D | G4: Раздел E | H4: Раздел F | I4: Раздел G | J4: Раздел H | K4: Раздел I | L4: Раздел J | M4: Раздел K | N4: Раздел L | Q4: Раздел M | R4: Раздел N | S4: Раздел О | T4: Раздел P | U4: Раздел Q | V4: Раздел R | W4: Раздел S | X4: Раздел T
N5: Деятельность по операциям с недвижимым имуществом | O5: в том числе:
C6: Сельское, лесное хозяйство, охота, рыболовство и рыбоводство | D6: Добыча полезных ископаемых | E6: Обрабатывающие производства | F6: Обеспечение электрической энергией, газом и паром; кондиционирование воздуха | G6: Водоснабжение; водоотведение, организация сбора и утилизация отходов, деятельность по ликвидации загрязнений | H6: Строительство | I6: Торговля оптовая и розничная; ремонт автотранспортных средств и мотоциклов | J6: Транспортировка и хранение | K6: Деятельность гостиниц и предприятий общественного питания | L6: Деятельность в области информации и связи | M6: Деятельность финансовая и страховая | O6: Операции с недвижимым имуществом | P6: Услуги по проживанию в собственном жилище | Q6: Деятельность профессиональная, научная и техническая | R6: Деятельность административная и сопутствующие дополнительные услуги | S6: Государственное управление и обеспечение военной безопасности; социальное обеспечение | T6: Образование | U6: Деятельность в области здравоохранения и социальных услуг | V6: Деятельность в области культуры, спорта, организации досуга и развлечений | W6: Предоставление прочих видов услуг | X6: Деятельность домашних хозяйств как работодателей; недифференцированная деятельность частных домашних хозяйств по производству1)
A7: Российская Федерация из суммы субъектов Российской Федерации | B7: =SUM(C7:N7,Q7:X7) -> 100 | C7: 4.1 | D7: 10.9 | E7: 15.6 | F7: 3 | G7: 0.6 | H7: 5.6 | I7: 15 | J7: 7.2 | K7: 1 | L7: 2.7 | M7: 4.3 | N7: 10.3 | O7: ='2.2017'!O7/'2.2017'!$B7*100 -> 4.1569452 | P7: ='2.2017'!P7/'2.2017'!$B7*100 -> 6.105354 | Q7: 4 | R7: 2.3 | S7: 5.6 | T7: 2.8 | U7: 3.6 | V7: 0.9 | W7: 0.5 | X7: 0
A8: Центральный федеральный округ | B8: =SUM(C8:N8,Q8:X8) -> 100 | C8: 2.7 | D8: 0.6 | E8: 15.3 | F8: 2.9 | G8: 0.5 | H8: 4.1 | I8: 22.3 | J8: 6.1 | K8: 0.8 | L8: 4.1 | M8: 6.9 | N8: 12.9 | O8: ='2.2017'!O8/'2.2017'!$B8*100 -> 6.140824 | P8: ='2.2017'!P8/'2.2017'!$B8*100 -> 6.7246444 | Q8: 6 | R8: 2.5 | S8: 5.5 | T8: 2.3 | U8: 3 | V8: 1 | W8: 0.5 | X8: 0
A9: Белгородская область | B9: =SUM(C9:N9,Q9:X9) -> 100 | C9: 16.8 | D9: 13.8 | E9: 18.1 | F9: 2.1 | G9: 0.5 | H9: 5.9 | I9: 13.3 | J9: 4.1 | K9: 0.4 | L9: 1.5 | M9: 1.4 | N9: 9.4 | O9: ='2.2017'!O9/'2.2017'!$B9*100 -> 3.0232654 | P9: ='2.2017'!P9/'2.2017'!$B9*100 -> 6.3456522 | Q9: 1.5 | R9: 1.1 | S9: 3.7 | T9: 2.4 | U9: 3 | V9: 0.6 | W9: 0.4 | X9: 0
A10: Брянская область | B10: =SUM(C10:N10,Q10:X10) -> 100 | C10: 17.3 | D10: 0 | E10: 15.4 | F10: 2.9 | G10: 0.7 | H10: 3.6 | I10: 15.7 | J10: 7.6 | K10: 1.6 | L10: 2 | M10: 2.2 | N10: 12.1 | O10: ='2.2017'!O10/'2.2017'!$B10*100 -> 2.7730309 | P10: ='2.2017'!P10/'2.2017'!$B10*100 -> 9.3715574 | Q10: 1.6 | R10: 1.4 | S10: 6.9 | T10: 3.4 | U10: 4 | V10: 1.2 | W10: 0.4 | X10: 0
A11: Владимирская область | B11: =SUM(C11:N11,Q11:X11) -> 100 | C11: 3.7 | D11: 0.4 | E11: 29.4 | F11: 2.8 | G11: 1.1 | H11: 4.9 | I11: 14.1 | J11: 5.2 | K11: 0.8 | L11: 2.1 | M11: 2.2 | N11: 13.3 | O11: ='2.2017'!O11/'2.2017'!$B11*100 -> 4.8277618 | P11: ='2.2017'!P11/'2.2017'!$B11*100 -> 8.4521873 | Q11: 3.5 | R11: 1.6 | S11: 5.9 | T11: 3 | U11: 4.5 | V11: 1 | W11: 0.5 | X11: 0
A12: Воронежская область | B12: =SUM(C12:N12,Q12:X12) -> 100 | C12: 13.7 | D12: 0.5 | E12: 13.3 | F12: 2.8 | G12: 0.8 | H12: 8.8 | I12: 18.5 | J12: 6.3 | K12: 0.8 | L12: 2 | M12: 3.7 | N12: 9.4 | O12: ='2.2017'!O12/'2.2017'!$B12*100 -> 3.3908444 | P12: ='2.2017'!P12/'2.2017'!$B12*100 -> 6.0271584 | Q12: 3.8 | R12: 1.6 | S12: 6 | T12: 3.5 | U12: 3.5 | V12: 0.5 | W12: 0.5 | X12: 0
A13: Ивановская область | B13: =SUM(C13:N13,Q13:X13) -> 100 | C13: 2.6 | D13: 0.1 | E13: 16.1 | F13: 4.4 | G13: 1 | H13: 1.7 | I13: 17 | J13: 7.7 | K13: 1.2 | L13: 2.9 | M13: 2.9 | N13: 14.6 | O13: ='2.2017'!O13/'2.2017'!$B13*100 -> 5.1873555 | P13: ='2.2017'!P13/'2.2017'!$B13*100 -> 9.3688256 | Q13: 3 | R13: 1.6 | S13: 10.3 | T13: 4.3 | U13: 6.3 | V13: 1.1 | W13: 1.2 | X13: 0
A14: Калужская область | B14: =SUM(C14:N14,Q14:X14) -> 100 | C14: 5.5 | D14: 0.3 | E14: 35.5 | F14: 1.5 | G14: 1 | H14: 5.3 | I14: 11.2 | J14: 2.9 | K14: 1 | L14: 1.4 | M14: 2.6 | N14: 13.7 | O14: ='2.2017'!O14/'2.2017'!$B14*100 -> 4.3147306 | P14: ='2.2017'!P14/'2.2017'!$B14*100 -> 9.396966 | Q14: 3.9 | R14: 1.4 | S14: 5.2 | T14: 2.7 | U14: 3.7 | V14: 0.8 | W14: 0.4 | X14: 0
A15: Костромская область | B15: =SUM(C15:N15,Q15:X15) -> 100 | C15: 6.1 | D15: 0.1 | E15: 20.8 | F15: 7.6 | G15: 0.8 | H15: 4.5 | I15: 13.3 | J15: 5.4 | K15: 1.1 | L15: 2.3 | M15: 5.5 | N15: 10.3 | O15: ='2.2017'!O15/'2.2017'!$B15*100 -> 3.8732041 | P15: ='2.2017'!P15/'2.2017'!$B15*100 -> 6.4374786 | Q15: 1.5 | R15: 1.4 | S15: 9.1 | T15: 4.2 | U15: 4.5 | V15: 1.1 | W15: 0.4 | X15: 0
A16: Курская область | B16: =SUM(C16:N16,Q16:X16) -> 100 | C16: 16.5 | D16: 9 | E16: 16.8 | F16: 7.2 | G16: 0.7 | H16: 5.2 | I16: 9.8 | J16: 4.4 | K16: 1 | L16: 1 | M16: 2 | N16: 8.6 | O16: ='2.2017'!O16/'2.2017'!$B16*100 -> 2.8961614 | P16: ='2.2017'!P16/'2.2017'!$B16*100 -> 5.720047 | Q16: 2.1 | R16: 1.1 | S16: 5.6 | T16: 3.8 | U16: 4 | V16: 0.7 | W16: 0.5 | X16: 0
A17: Липецкая область | B17: =SUM(C17:N17,Q17:X17) -> 100 | C17: 10.7 | D17: 0.4 | E17: 38.3 | F17: 2 | G17: 0.5 | H17: 6.6 | I17: 9.1 | J17: 4.4 | K17: 0.6 | L17: 1.8 | M17: 1.8 | N17: 10 | O17: ='2.2017'!O17/'2.2017'!$B17*100 -> 3.2464266 | P17: ='2.2017'!P17/'2.2017'!$B17*100 -> 6.7741448 | Q17: 1.3 | R17: 1.3 | S17: 4.6 | T17: 2.5 | U17: 3.1 | V17: 0.5 | W17: 0.5 | X17: 0
A18: Московская область | B18: =SUM(C18:N18,Q18:X18) -> 100 | C18: 1.2 | D18: 0.2 | E18: 19.8 | F18: 2.3 | G18: 0.6 | H18: 3.8 | I18: 21.2 | J18: 6.1 | K18: 1 | L18: 1.4 | M18: 1.5 | N18: 17.4 | O18: ='2.2017'!O18/'2.2017'!$B18*100 -> 7.0859425 | P18: ='2.2017'!P18/'2.2017'!$B18*100 -> 10.320876 | Q18: 5 | R18: 2.1 | S18: 8.6 | T18: 2.7 | U18: 3.7 | V18: 1 | W18: 0.4 | X18: 0
... A102: Чукотский автономный округ | B102: =SUM(C102:N102,Q102:X102) -> 100 | C102: 2.8 | D102: 40.4 | E102: 0.4 | F102: 9.6 | G102: 0.8 | H102: 5 | I102: 5.9 | J102: 4.7 | K102: 0.3 | L102: 0.5 | M102: 1.3 | N102: 1.2 | O102: ='2.2017'!O102/'2.2017'!$B102*100 -> 0.35343111 | P102: ='2.2017'!P102/'2.2017'!$B102*100 -> 0.80764496 | Q102: 0.3 | R102: 0.4 | S102: 15.2 | T102: 4.5 | U102: 5.3 | V102: 1 | W102: 0.4 | X102: 0
A104: 1) Данные динамического ряда, начиная с 2016 года, содержат изменения, связанные с внедрением международной методологии оценки жилищных услуг, производимых и потребляемых собственниками жилья; оценкой потребления основного капитала, исходя из его текущей рыночной стоимости.
A105: 2)Данные динамического ряда, начиная с 2017 года, содержат изменения, связанные с включением в формирование показателей деятельности: кредитных организаций; финансовых услуг, кроме услуг по страхованию и пенсионному обеспечению; негосударственных пенсионных фондов; вспомогательной в сфере финансовых услуг и страхования.

Sheet 3. 2018
A1: К содержанию
A2: Отраслевая структура валовой добавленной стоимости субъектов Российской Федерации в 2018 г.1)2) (в текущих ценах; в процентах к итогу)
B3: Валовая добавленная стоимость в основных ценах | C3: в том числе
C4: Раздел A | D4: Раздел B | E4: Раздел C | F4: Раздел D | G4: Раздел E | H4: Раздел F | I4: Раздел G | J4: Раздел H | K4: Раздел I | L4: Раздел J | M4: Раздел K | N4: Раздел L | Q4: Раздел M | R4: Раздел N | S4: Раздел О | T4: Раздел P | U4: Раздел Q | V4: Раздел R | W4: Раздел S | X4: Раздел T
N5: Деятельность по операциям с недвижимым имуществом | O5: в том числе:
C6: Сельское, лесное хозяйство, охота, рыболовство и рыбоводство | D6: Добыча полезных ископаемых | E6: Обрабатывающие производства | F6: Обеспечение электрической энергией, газом и паром; кондиционирование воздуха | G6: Водоснабжение; водоотведение, организация сбора и утилизация отходов, деятельность по ликвидации загрязнений | H6: Строительство | I6: Торговля оптовая и розничная; ремонт автотранспортных средств и мотоциклов | J6: Транспортировка и хранение | K6: Деятельность гостиниц и предприятий общественного питания | L6: Деятельность в области информации и связи | M6: Деятельность финансовая и страховая | O6: Операции с недвижимым имуществом | P6: Услуги по проживанию в собственном жилище | Q6: Деятельность профессиональная, научная и техническая | R6: Деятельность административная и сопутствующие дополнительные услуги | S6: Государственное управление и обеспечение военной безопасности; социальное обеспечение | T6: Образование | U6: Деятельность в области здравоохранения и социальных услуг | V6: Деятельность в области культуры, спорта, организации досуга и развлечений | W6: Предоставление прочих видов услуг | X6: Деятельность домашних хозяйств как работодателей; недифференцированная деятельность частных домашних хозяйств по производству1)
A7: Российская Федерация из суммы субъектов Российской Федерации | B7: 100 | C7: 3.9 | D7: 13.4 | E7: 16.3 | F7: 2.8 | G7: 0.6 | H7: 5 | I7: 14 | J7: 6.9 | K7: 1 | L7: 2.7 | M7: 4.2 | N7: 9.7 | O7: ='2.2018'!O7/'2.2018'!$B7*100 -> 3.936988 | P7: ='2.2018'!P7/'2.2018'!$B7*100 -> 5.7174043 | Q7: 4 | R7: 2.2 | S7: 5.3 | T7: 2.8 | U7: 3.8 | V7: 0.9 | W7: 0.5 | X7: 0
A8: Центральный федеральный округ | B8: 100 | C8: 2.7 | D8: 0.7 | E8: 17.3 | F8: 2.6 | G8: 0.5 | H8: 3.8 | I8: 21.1 | J8: 5.9 | K8: 0.9 | L8: 4.2 | M8: 7.5 | N8: 11.8 | O8: ='2.2018'!O8/'2.2018'!$B8*100 -> 5.6769337 | P8: ='2.2018'!P8/'2.2018'!$B8*100 -> 6.134471 | Q8: 6 | R8: 2.5 | S8: 5.3 | T8: 2.4 | U8: 3.2 | V8: 1 | W8: 0.6 | X8: 0
A9: Белгородская область | B9: 100 | C9: 17 | D9: 18.1 | E9: 17.4 | F9: 1.6 | G9: 0.4 | H9: 4.8 | I9: 12.3 | J9: 4.1 | K9: 0.4 | L9: 1.4 | M9: 1.5 | N9: 8.4 | O9: ='2.2018'!O9/'2.2018'!$B9*100 -> 2.3851024 | P9: ='2.2018'!P9/'2.2018'!$B9*100 -> 6.0285953 | Q9: 1.3 | R9: 1 | S9: 3.7 | T9: 2.4 | U9: 3.2 | V9: 0.6 | W9: 0.4 | X9: 0
A10: Брянская область | B10: 100 | C10: 16.6 | D10: 0 | E10: 15.6 | F10: 2.8 | G10: 0.8 | H10: 3.7 | I10: 15.4 | J10: 8.1 | K10: 1.3 | L10: 2 | M10: 2.3 | N10: 11.5 | O10: ='2.2018'!O10/'2.2018'!$B10*100 -> 2.800874 | P10: ='2.2018'!P10/'2.2018'!$B10*100 -> 8.6966205 | Q10: 1.3 | R10: 1.6 | S10: 7 | T10: 3.5 | U10: 4.4 | V10: 1.7 | W10: 0.4 | X10: 0
A11: Владимирская область | B11: 100 | C11: 3.5 | D11: 0.4 | E11: 30.8 | F11: 2.6 | G11: 1.2 | H11: 4.1 | I11: 13.7 | J11: 5.2 | K11: 0.8 | L11: 2 | M11: 2.3 | N11: 13.3 | O11: ='2.2018'!O11/'2.2018'!$B11*100 -> 4.4396352 | P11: ='2.2018'!P11/'2.2018'!$B11*100 -> 8.8271689 | Q11: 3.2 | R11: 1.5 | S11: 5.9 | T11: 3.1 | U11: 4.8 | V11: 1.1 | W11: 0.5 | X11: 0
A12: Воронежская область | B12: 100 | C12: 13.1 | D12: 0.5 | E12: 14.1 | F12: 2.1 | G12: 0.7 | H12: 7.9 | I12: 17.7 | J12: 6.9 | K12: 0.8 | L12: 2.2 | M12: 3.9 | N12: 9.7 | O12: ='2.2018'!O12/'2.2018'!$B12*100 -> 3.9873158 | P12: ='2.2018'!P12/'2.2018'!$B12*100 -> 5.6909915 | Q12: 4.1 | R12: 1.8 | S12: 5.9 | T12: 3.6 | U12: 4 | V12: 0.6 | W12: 0.4 | X12: 0
A13: Ивановская область | B13: 100 | C13: 3.2 | D13: 0.2 | E13: 16.3 | F13: 3.9 | G13: 1.1 | H13: 5 | I13: 16 | J13: 5.5 | K13: 1.1 | L13: 2.6 | M13: 3 | N13: 14.4 | O13: ='2.2018'!O13/'2.2018'!$B13*100 -> 5.6975695 | P13: ='2.2018'!P13/'2.2018'!$B13*100 -> 8.7123761 | Q13: 2.8 | R13: 1.6 | S13: 10.1 | T13: 4.4 | U13: 6.7 | V13: 1.2 | W13: 0.9 | X13: 0
A14: Калужская область | B14: 100 | C14: 5.1 | D14: 0.3 | E14: 37.9 | F14: 1.3 | G14: 0.8 | H14: 4.7 | I14: 10.6 | J14: 2.8 | K14: 1 | L14: 1.5 | M14: 2.7 | N14: 13.4 | O14: ='2.2018'!O14/'2.2018'!$B14*100 -> 4.7667412 | P14: ='2.2018'!P14/'2.2018'!$B14*100 -> 8.672776 | Q14: 3.6 | R14: 1.3 | S14: 5.1 | T14: 2.6 | U14: 3.8 | V14: 0.9 | W14: 0.6 | X14: 0
A15: Костромская область | B15: 100 | C15: 6 | D15: 0.1 | E15: 19.8 | F15: 6.5 | G15: 0.8 | H15: 3.9 | I15: 11.9 | J15: 5.2 | K15: 1 | L15: 2.3 | M15: 12.2 | N15: 9.3 | O15: ='2.2018'!O15/'2.2018'!$B15*100 -> 3.8974666 | P15: ='2.2018'!P15/'2.2018'!$B15*100 -> 5.4009874 | Q15: 1.4 | R15: 1.5 | S15: 8 | T15: 4 | U15: 4.5 | V15: 1 | W15: 0.6 | X15: 0
A16: Курская область | B16: 100 | C16: 16.9 | D16: 10.8 | E16: 15.5 | F16: 5.9 | G16: 0.8 | H16: 6.1 | I16: 10.6 | J16: 4.3 | K16: 0.8 | L16: 1 | M16: 2 | N16: 7.7 | O16: ='2.2018'!O16/'2.2018'!$B16*100 -> 2.0350992 | P16: ='2.2018'!P16/'2.2018'!$B16*100 -> 5.6601374 | Q16: 1.7 | R16: 1.1 | S16: 5.3 | T16: 3.8 | U16: 4.5 | V16: 0.7 | W16: 0.5 | X16: 0
A17: Липецкая область | B17: 100 | C17: 10.6 | D17: 0.4 | E17: 42.2 | F17: 1.6 | G17: 0.5 | H17: 5.6 | I17: 8.9 | J17: 3.9 | K17: 0.7 | L17: 2 | M17: 1.5 | N17: 9.3 | O17: ='2.2018'!O17/'2.2018'!$B17*100 -> 2.908443 | P17: ='2.2018'!P17/'2.2018'!$B17*100 -> 6.3600999 | Q17: 1.2 | R17: 1 | S17: 4.2 | T17: 2.4 | U17: 3 | V17: 0.5 | W17: 0.5 | X17: 0
A18: Московская область | B18: 100 | C18: 1.6 | D18: 0.1 | E18: 18.4 | F18: 2.5 | G18: 0.6 | H18: 4.7 | I18: 21.4 | J18: 5.9 | K18: 1.2 | L18: 1.5 | M18: 1.9 | N18: 16 | O18: ='2.2018'!O18/'2.2018'!$B18*100 -> 5.8629687 | P18: ='2.2018'!P18/'2.2018'!$B18*100 -> 10.179015 | Q18: 5.5 | R18: 2.1 | S18: 8.3 | T18: 2.7 | U18: 4 | V18: 1 | W18: 0.6 | X18: 0
... A102: Чукотский автономный округ | B102: 100 | C102: 2.3 | D102: 37.4 | E102: 0.3 | F102: 12.4 | G102: 0.7 | H102: 7 | I102: 5.8 | J102: 4.3 | K102: 0.3 | L102: 0.6 | M102: 1.2 | N102: 1.3 | O102: ='2.2018'!O102/'2.2018'!$B102*100 -> 0.52940485 | P102: ='2.2018'!P102/'2.2018'!$B102*100 -> 0.75224208 | Q102: 1.6 | R102: 0.3 | S102: 13.5 | T102: 4.4 | U102: 5.2 | V102: 1 | W102: 0.4 | X102: 0
A104: 1) Данные динамического ряда, начиная с 2016 года, содержат изменения, связанные с внедрением международной методологии оценки жилищных услуг, производимых и потребляемых собственниками жилья; оценкой потребления основного капитала, исходя из его текущей рыночной стоимости.
A105: 2)Данные динамического ряда, начиная с 2017 года, содержат изменения, связанные с включением в формирование показателей деятельности: кредитных организаций; финансовых услуг, кроме услуг по страхованию и пенсионному обеспечению; негосударственных пенсионных фондов; вспомогательной в сфере финансовых услуг и страхования.

Sheet 3. 2019
A1: К содержанию
A2: Отраслевая структура валовой добавленной стоимости субъектов Российской Федерации в 2019 г.1)2) (в текущих ценах; в процентах к итогу)
B3: Валовая добавленная стоимость в основных ценах | C3: в том числе
C4: Раздел A | D4: Раздел B | E4: Раздел C | F4: Раздел D | G4: Раздел E | H4: Раздел F | I4: Раздел G | J4: Раздел H | K4: Раздел I | L4: Раздел J | M4: Раздел K | N4: Раздел L | Q4: Раздел M | R4: Раздел N | S4: Раздел О | T4: Раздел P | U4: Раздел Q | V4: Раздел R | W4: Раздел S | X4: Раздел T
N5: Деятельность по операциям с недвижимым имуществом | O5: в том числе:
C6: Сельское, лесное хозяйство, охота, рыболовство и рыбоводство | D6: Добыча полезных ископаемых | E6: Обрабатывающие производства | F6: Обеспечение электрической энергией, газом и паром; кондиционирование воздуха | G6: Водоснабжение; водоотведение, организация сбора и утилизация отходов, деятельность по ликвидации загрязнений | H6: Строительство | I6: Торговля оптовая и розничная; ремонт автотранспортных средств и мотоциклов | J6: Транспортировка и хранение | K6: Деятельность гостиниц и предприятий общественного питания | L6: Деятельность в области информации и связи | M6: Деятельность финансовая и страховая | O6: Операции с недвижимым имуществом | P6: Услуги по проживанию в собственном жилище | Q6: Деятельность профессиональная, научная и техническая | R6: Деятельность административная и сопутствующие дополнительные услуги | S6: Государственное управление и обеспечение военной безопасности; социальное обеспечение | T6: Образование | U6: Деятельность в области здравоохранения и социальных услуг | V6: Деятельность в области культуры, спорта, организации досуга и развлечений | W6: Предоставление прочих видов услуг | X6: Деятельность домашних хозяйств как работодателей; недифференцированная деятельность частных домашних хозяйств по производству1)
A7: Российская Федерация из суммы субъектов Российской Федерации | B7: 100 | C7: 4 | D7: 13 | E7: 16.3 | F7: 2.7 | G7: 0.6 | H7: 5.2 | I7: 13.6 | J7: 7.1 | K7: 1 | L7: 2.9 | M7: 4.2 | N7: 9.7 | O7: ='2.2019'!O7/'2.2019'!$B7*100 -> 3.8368311 | P7: ='2.2019'!P7/'2.2019'!$B7*100 -> 5.8683238 | Q7: 4 | R7: 2.2 | S7: 5.4 | T7: 2.8 | U7: 3.9 | V7: 0.9 | W7: 0.5 | X7: 0
A8: Центральный федеральный округ | B8: 100 | C8: 2.7 | D8: 0.8 | E8: 16.6 | F8: 2.6 | G8: 0.5 | H8: 4.4 | I8: 20.1 | J8: 6.4 | K8: 0.8 | L8: 4.4 | M8: 7.6 | N8: 11.5 | O8: ='2.2019'!O8/'2.2019'!$B8*100 -> 5.2983949 | P8: ='2.2019'!P8/'2.2019'!$B8*100 -> 6.200397 | Q8: 6 | R8: 2.7 | S8: 5.4 | T8: 2.4 | U8: 3.4 | V8: 1.1 | W8: 0.6 | X8: 0
A9: Белгородская область | B9: 100 | C9: 16.7 | D9: 19 | E9: 15 | F9: 1.5 | G9: 0.5 | H9: 5.2 | I9: 12.5 | J9: 4.7 | K9: 0.4 | L9: 1.5 | M9: 1.3 | N9: 8.7 | O9: ='2.2019'!O9/'2.2019'!$B9*100 -> 2.5061254 | P9: ='2.2019'!P9/'2.2019'!$B9*100 -> 6.159951 | Q9: 1.5 | R9: 1 | S9: 3.7 | T9: 2.5 | U9: 3.3 | V9: 0.6 | W9: 0.4 | X9: 0
A10: Брянская область | B10: 100 | C10: 18.2 | D10: 0 | E10: 15 | F10: 2.5 | G10: 0.5 | H10: 3.6 | I10: 15.4 | J10: 7.6 | K10: 1.3 | L10: 2 | M10: 2.2 | N10: 11.5 | O10: ='2.2019'!O10/'2.2019'!$B10*100 -> 2.9341304 | P10: ='2.2019'!P10/'2.2019'!$B10*100 -> 8.5972203 | Q10: 1.3 | R10: 1.5 | S10: 6.6 | T10: 3.5 | U10: 4.4 | V10: 2.5 | W10: 0.4 | X10: 0
A11: Владимирская область | B11: 100 | C11: 3.4 | D11: 0.4 | E11: 31.6 | F11: 2.6 | G11: 1.1 | H11: 4.3 | I11: 13 | J11: 5.3 | K11: 0.9 | L11: 1.8 | M11: 2 | N11: 12.6 | O11: ='2.2019'!O11/'2.2019'!$B11*100 -> 4.539137 | P11: ='2.2019'!P11/'2.2019'!$B11*100 -> 8.0234521 | Q11: 2.8 | R11: 1.4 | S11: 5.7 | T11: 3 | U11: 6.6 | V11: 1 | W11: 0.5 | X11: 0
A12: Воронежская область | B12: 100 | C12: 11.9 | D12: 0.6 | E12: 13.8 | F12: 2.4 | G12: 0.8 | H12: 8.3 | I12: 18.2 | J12: 7.4 | K12: 0.8 | L12: 2.1 | M12: 4 | N12: 8.8 | O12: ='2.2019'!O12/'2.2019'!$B12*100 -> 2.9019163 | P12: ='2.2019'!P12/'2.2019'!$B12*100 -> 5.9260026 | Q12: 4 | R12: 2.3 | S12: 5.9 | T12: 3.6 | U12: 4 | V12: 0.6 | W12: 0.5 | X12: 0
A13: Ивановская область | B13: 100 | C13: 2.7 | D13: 0.2 | E13: 17.9 | F13: 4.3 | G13: 1 | H13: 4.9 | I13: 14.4 | J13: 6.7 | K13: 1.1 | L13: 2.5 | M13: 2.8 | N13: 13.6 | O13: ='2.2019'!O13/'2.2019'!$B13*100 -> 5.3228649 | P13: ='2.2019'!P13/'2.2019'!$B13*100 -> 8.2398065 | Q13: 3.9 | R13: 1.7 | S13: 9.5 | T13: 4.3 | U13: 6.5 | V13: 1.3 | W13: 0.7 | X13: 0
A14: Калужская область | B14: 100 | C14: 5.8 | D14: 0.4 | E14: 37.3 | F14: 1.5 | G14: 0.7 | H14: 5.3 | I14: 10 | J14: 3.1 | K14: 1 | L14: 1.4 | M14: 2.3 | N14: 12.7 | O14: ='2.2019'!O14/'2.2019'!$B14*100 -> 4.4414248 | P14: ='2.2019'!P14/'2.2019'!$B14*100 -> 8.3924876 | Q14: 4 | R14: 1.9 | S14: 4.9 | T14: 2.6 | U14: 3.9 | V14: 0.8 | W14: 0.4 | X14: 0
A15: Костромская область | B15: 100 | C15: 6.2 | D15: 0.2 | E15: 20.8 | F15: 7.5 | G15: 0.9 | H15: 4 | I15: 11.4 | J15: 5.8 | K15: 1.1 | L15: 2.2 | M15: 9.2 | N15: 9.2 | O15: ='2.2019'!O15/'2.2019'!$B15*100 -> 3.4046527 | P15: ='2.2019'!P15/'2.2019'!$B15*100 -> 5.7528468 | Q15: 1.4 | R15: 1.6 | S15: 8 | T15: 4.2 | U15: 4.9 | V15: 1 | W15: 0.4 | X15: 0
A16: Курская область | B16: 100 | C16: 16.4 | D16: 12.8 | E16: 15.6 | F16: 5.4 | G16: 0.6 | H16: 7.2 | I16: 9.7 | J16: 4.1 | K16: 0.8 | L16: 1 | M16: 1.7 | N16: 8.1 | O16: ='2.2019'!O16/'2.2019'!$B16*100 -> 2.2094334 | P16: ='2.2019'!P16/'2.2019'!$B16*100 -> 5.8795247 | Q16: 1.4 | R16: 1 | S16: 5 | T16: 3.8 | U16: 4.4 | V16: 0.6 | W16: 0.4 | X16: 0
A17: Липецкая область | B17: 100 | C17: 11.5 | D17: 0.5 | E17: 35.4 | F17: 1.8 | G17: 0.4 | H17: 7.2 | I17: 9.7 | J17: 4.5 | K17: 0.8 | L17: 2 | M17: 1.7 | N17: 10.1 | O17: ='2.2019'!O17/'2.2019'!$B17*100 -> 3.1841637 | P17: ='2.2019'!P17/'2.2019'!$B17*100 -> 6.9081632 | Q17: 1.4 | R17: 1 | S17: 4.6 | T17: 2.8 | U17: 3.5 | V17: 0.6 | W17: 0.5 | X17: 0
A18: Московская область | B18: 100 | C18: 1.5 | D18: 0.2 | E18: 18.5 | F18: 2.3 | G18: 0.6 | H18: 5.2 | I18: 20 | J18: 7.3 | K18: 1.1 | L18: 1.8 | M18: 1.7 | N18: 15.2 | O18: ='2.2019'!O18/'2.2019'!$B18*100 -> 5.4599719 | P18: ='2.2019'!P18/'2.2019'!$B18*100 -> 9.7708416 | Q18: 5.6 | R18: 2.7 | S18: 8.1 | T18: 2.7 | U18: 3.9 | V18: 1.1 | W18: 0.5 | X18: 0
... A102: Чукотский автономный округ | B102: 100 | C102: 3.4 | D102: 39.1 | E102: 0.3 | F102: 11.3 | G102: 0.8 | H102: 7.8 | I102: 5.9 | J102: 4 | K102: 0.5 | L102: 0.6 | M102: 0.9 | N102: 1 | O102: ='2.2019'!O102/'2.2019'!$B102*100 -> 0.34233669 | P102: ='2.2019'!P102/'2.2019'!$B102*100 -> 0.70531441 | Q102: 0.2 | R102: 1.3 | S102: 12.7 | T102: 4.2 | U102: 4.9 | V102: 0.8 | W102: 0.3 | X102: 0
A104: 1) Данные динамического ряда, начиная с 2016 года, содержат изменения, связанные с внедрением международной методологии оценки жилищных услуг, производимых и потребляемых собственниками жилья; оценкой потребления основного капитала, исходя из его текущей рыночной стоимости.
A105: 2)Данные динамического ряда, начиная с 2017 года, содержат изменения, связанные с включением в формирование показателей деятельности: кредитных организаций; финансовых услуг, кроме услуг по страхованию и пенсионному обеспечению; негосударственных пенсионных фондов; вспомогательной в сфере финансовых услуг и страхования.

Sheet 3.2020
A1: К содержанию
A2: Отраслевая структура валовой добавленной стоимости субъектов Российской Федерации в 2020 г.1)2) (в текущих ценах; в процентах к итогу)
B3: Валовая добавленная стоимость в основных ценах | C3: в том числе
C4: Раздел A | D4: Раздел B | E4: Раздел C | F4: Раздел D | G4: Раздел E | H4: Раздел F | I4: Раздел G | J4: Раздел H | K4: Раздел I | L4: Раздел J | M4: Раздел K | N4: Раздел L | Q4: Раздел M | R4: Раздел N | S4: Раздел О | T4: Раздел P | U4: Раздел Q | V4: Раздел R | W4: Раздел S | X4: Раздел T
N5: Деятельность по операциям с недвижимым имуществом | O5: в том числе:
C6: Сельское, лесное хозяйство, охота, рыболовство и рыбоводство | D6: Добыча полезных ископаемых | E6: Обрабатывающие производства | F6: Обеспечение электрической энергией, газом и паром; кондиционирование воздуха | G6: Водоснабжение; водоотведение, организация сбора и утилизация отходов, деятельность по ликвидации загрязнений | H6: Строительство | I6: Торговля оптовая и розничная; ремонт автотранспортных средств и мотоциклов | J6: Транспортировка и хранение | K6: Деятельность гостиниц и предприятий общественного питания | L6: Деятельность в области информации и связи | M6: Деятельность финансовая и страховая | O6: Операции с недвижимым имуществом | P6: Услуги по проживанию в собственном жилище | Q6: Деятельность профессиональная, научная и техническая | R6: Деятельность административная и сопутствующие дополнительные услуги | S6: Государственное управление и обеспечение военной безопасности; социальное обеспечение | T6: Образование | U6: Деятельность в области здравоохранения и социальных услуг | V6: Деятельность в области культуры, спорта, организации досуга и развлечений | W6: Предоставление прочих видов услуг | X6: Деятельность домашних хозяйств как работодателей; недифференцированная деятельность частных домашних хозяйств по производству1)
A7: Российская Федерация из суммы субъектов Российской Федерации | B7: 100 | C7: 4.5 | D7: 9.9 | E7: 16.3 | F7: 2.7 | G7: 0.6 | H7: 5.5 | I7: 13 | J7: 6.7 | K7: 0.8 | L7: 3.3 | M7: 4.9 | N7: 10.4 | O7: ='2.2020'!O7/'2.2020'!$B7*100 -> 4.0403983 | P7: ='2.2020'!P7/'2.2020'!$B7*100 -> 6.3965282 | Q7: 4.6 | R7: 2.3 | S7: 5.7 | T7: 3 | U7: 4.4 | V7: 0.8 | W7: 0.6 | X7: 0
A8: Центральный федеральный округ | B8: 100 | C8: 2.9 | D8: 0.8 | E8: 15.8 | F8: 2.4 | G8: 0.5 | H8: 4.6 | I8: 18.4 | J8: 5.3 | K8: 0.7 | L8: 5 | M8: 8.7 | N8: 12 | O8: ='2.2020'!O8/'2.2020'!$B8*100 -> 5.4832956 | P8: ='2.2020'!P8/'2.2020'!$B8*100 -> 6.5344825 | Q8: 6.9 | R8: 2.6 | S8: 5.5 | T8: 2.5 | U8: 3.7 | V8: 0.9 | W8: 0.8 | X8: 0
A9: Белгородская область | B9: 100 | C9: 16.7 | D9: 20.1 | E9: 14.7 | F9: 1.4 | G9: 0.4 | H9: 5 | I9: 11.9 | J9: 3.7 | K9: 0.4 | L9: 1.6 | M9: 1.3 | N9: 9.1 | O9: ='2.2020'!O9/'2.2020'!$B9*100 -> 2.6198725 | P9: ='2.2020'!P9/'2.2020'!$B9*100 -> 6.443172 | Q9: 1.6 | R9: 1 | S9: 3.8 | T9: 2.7 | U9: 3.5 | V9: 0.6 | W9: 0.5 | X9: 0
A10: Брянская область | B10: 100 | C10: 17.4 | D10: 0 | E10: 15.3 | F10: 2.9 | G10: 0.5 | H10: 4.6 | I10: 14.3 | J10: 7.4 | K10: 0.8 | L10: 2.1 | M10: 2.2 | N10: 11.8 | O10: ='2.2020'!O10/'2.2020'!$B10*100 -> 2.9301218 | P10: ='2.2020'!P10/'2.2020'!$B10*100 -> 8.8531275 | Q10: 1.3 | R10: 1.4 | S10: 6.8 | T10: 3.4 | U10: 4.8 | V10: 2.6 | W10: 0.4 | X10: 0
A11: Владимирская область | B11: 100 | C11: 3.4 | D11: 0.4 | E11: 34.9 | F11: 2.5 | G11: 0.8 | H11: 4.3 | I11: 10.9 | J11: 4.6 | K11: 0.7 | L11: 1.8 | M11: 2.2 | N11: 11.8 | O11: ='2.2020'!O11/'2.2020'!$B11*100 -> 3.9200573 | P11: ='2.2020'!P11/'2.2020'!$B11*100 -> 7.9232927 | Q11: 2.9 | R11: 1.5 | S11: 5.8 | T11: 2.9 | U11: 7.3 | V11: 0.8 | W11: 0.5 | X11: 0
A12: Воронежская область | B12: 100 | C12: 14.4 | D12: 0.5 | E12: 15.3 | F12: 3.1 | G12: 0.8 | H12: 6.3 | I12: 17.3 | J12: 4.9 | K12: 0.7 | L12: 2.2 | M12: 4.2 | N12: 8.9 | O12: ='2.2020'!O12/'2.2020'!$B12*100 -> 2.8953542 | P12: ='2.2020'!P12/'2.2020'!$B12*100 -> 5.9914763 | Q12: 4.7 | R12: 1.9 | S12: 6 | T12: 3.5 | U12: 4.4 | V12: 0.4 | W12: 0.5 | X12: 0
A13: Ивановская область | B13: 100 | C13: 3.1 | D13: 0.2 | E13: 21.2 | F13: 4.1 | G13: 0.9 | H13: 4.5 | I13: 14 | J13: 5 | K13: 0.9 | L13: 2.4 | M13: 2.9 | N13: 13.6 | O13: ='2.2020'!O13/'2.2020'!$B13*100 -> 5.5083942 | P13: ='2.2020'!P13/'2.2020'!$B13*100 -> 8.0668271 | Q13: 3.3 | R13: 2 | S13: 9.1 | T13: 4.1 | U13: 7.1 | V13: 1 | W13: 0.6 | X13: 0
A14: Калужская область | B14: 100 | C14: 5.5 | D14: 0.4 | E14: 38.4 | F14: 1.6 | G14: 0.6 | H14: 4.6 | I14: 8.8 | J14: 3.1 | K14: 0.7 | L14: 1.3 | M14: 2.3 | N14: 12.7 | O14: ='2.2020'!O14/'2.2020'!$B14*100 -> 4.3014595 | P14: ='2.2020'!P14/'2.2020'!$B14*100 -> 8.4344389 | Q14: 4.2 | R14: 2 | S14: 5.3 | T14: 2.8 | U14: 4.5 | V14: 0.7 | W14: 0.5 | X14: 0
A15: Костромская область | B15: 100 | C15: 7.2 | D15: 0.2 | E15: 21.6 | F15: 6.7 | G15: 1.1 | H15: 4 | I15: 9.6 | J15: 5.7 | K15: 0.9 | L15: 2.4 | M15: 6.7 | N15: 10.4 | O15: ='2.2020'!O15/'2.2020'!$B15*100 -> 4.2018187 | P15: ='2.2020'!P15/'2.2020'!$B15*100 -> 6.2097535 | Q15: 1.7 | R15: 1.7 | S15: 8.7 | T15: 4.5 | U15: 5.4 | V15: 1 | W15: 0.5 | X15: 0
A16: Курская область | B16: 100 | C16: 19.2 | D16: 12.2 | E16: 14 | F16: 5.1 | G16: 0.5 | H16: 5.1 | I16: 9.2 | J16: 3.9 | K16: 0.5 | L16: 1.2 | M16: 1.8 | N16: 8.9 | O16: ='2.2020'!O16/'2.2020'!$B16*100 -> 2.3237827 | P16: ='2.2020'!P16/'2.2020'!$B16*100 -> 6.5402374 | Q16: 2.4 | R16: 1 | S16: 5.1 | T16: 3.8 | U16: 5 | V16: 0.6 | W16: 0.5 | X16: 0
A17: Липецкая область | B17: 100 | C17: 12.3 | D17: 0.6 | E17: 36.1 | F17: 1.5 | G17: 0.5 | H17: 6.9 | I17: 9.8 | J17: 4.2 | K17: 0.6 | L17: 2 | M17: 1.7 | N17: 9.6 | O17: ='2.2020'!O17/'2.2020'!$B17*100 -> 2.630864 | P17: ='2.2020'!P17/'2.2020'!$B17*100 -> 6.9701003 | Q17: 1.1 | R17: 1.2 | S17: 4.6 | T17: 2.7 | U17: 3.7 | V17: 0.5 | W17: 0.4 | X17: 0
A18: Московская область | B18: 100 | C18: 1.2 | D18: 0.2 | E18: 19.6 | F18: 2.4 | G18: 0.7 | H18: 6.1 | I18: 18.9 | J18: 4.7 | K18: 0.7 | L18: 1.9 | M18: 2 | N18: 16.3 | O18: ='2.2020'!O18/'2.2020'!$B18*100 -> 5.2989578 | P18: ='2.2020'!P18/'2.2020'!$B18*100 -> 11.037002 | Q18: 5.6 | R18: 2.7 | S18: 7.9 | T18: 2.9 | U18: 4.6 | V18: 1 | W18: 0.6 | X18: 0
... A102: Чукотский автономный округ | B102: 100 | C102: 2.1 | D102: 45.4 | E102: 0.2 | F102: 12.8 | G102: 0.6 | H102: 7.4 | I102: 4.8 | J102: 3.5 | K102: 0.4 | L102: 0.5 | M102: 0.6 | N102: 1.2 | O102: ='2.2020'!O102/'2.2020'!$B102*100 -> 0.61769308 | P102: ='2.2020'!P102/'2.2020'!$B102*100 -> 0.59257979 | Q102: 0.2 | R102: 0.4 | S102: 10.7 | T102: 3.5 | U102: 4.6 | V102: 0.6 | W102: 0.5 | X102: 0
A104: 1) Данные динамического ряда, начиная с 2016 года, содержат изменения, связанные с внедрением международной методологии оценки жилищных услуг, производимых и потребляемых собственниками жилья; оценкой потребления основного капитала, исходя из его текущей рыночной стоимости.
A105: 2)Данные динамического ряда, начиная с 2017 года, содержат изменения, связанные с включением в формирование показателей деятельности: кредитных организаций; финансовых услуг, кроме услуг по страхованию и пенсионному обеспечению; негосударственных пенсионных фондов; вспомогательной в сфере финансовых услуг и страхования.

Sheet 3.2021
A1: К содержанию
A2: Отраслевая структура валовой добавленной стоимости субъектов Российской Федерации в 2021 г.1)2) (в текущих ценах; в процентах к итогу)
B3: Валовая добавленная стоимость в основных ценах | C3: в том числе
C4: Раздел A | D4: Раздел B | E4: Раздел C | F4: Раздел D | G4: Раздел E | H4: Раздел F | I4: Раздел G | J4: Раздел H | K4: Раздел I | L4: Раздел J | M4: Раздел K | N4: Раздел L | Q4: Раздел M | R4: Раздел N | S4: Раздел О | T4: Раздел P | U4: Раздел Q | V4: Раздел R | W4: Раздел S | X4: Раздел T
N5: Деятельность по операциям с недвижимым имуществом | O5: в том числе:
C6: Сельское, лесное хозяйство, охота, рыболовство и рыбоводство | D6: Добыча полезных ископаемых | E6: Обрабатывающие производства | F6: Обеспечение электрической энергией, газом и паром; кондиционирование воздуха | G6: Водоснабжение; водоотведение, организация сбора и утилизация отходов, деятельность по ликвидации загрязнений | H6: Строительство | I6: Торговля оптовая и розничная; ремонт автотранспортных средств и мотоциклов | J6: Транспортировка и хранение | K6: Деятельность гостиниц и предприятий общественного питания | L6: Деятельность в области информации и связи | M6: Деятельность финансовая и страховая | O6: Операции с недвижимым имуществом | P6: Услуги по проживанию в собственном жилище | Q6: Деятельность профессиональная, научная и техническая | R6: Деятельность административная и сопутствующие дополнительные услуги | S6: Государственное управление и обеспечение военной безопасности; социальное обеспечение | T6: Образование | U6: Деятельность в области здравоохранения и социальных услуг | V6: Деятельность в области культуры, спорта, организации досуга и развлечений | W6: Предоставление прочих видов услуг | X6: Деятельность домашних хозяйств как работодателей; недифференцированная деятельность частных домашних хозяйств по производству1)
A7: Российская Федерация из суммы субъектов Российской Федерации | B7: 100 | C7: 4.3 | D7: 13.8 | E7: 16.4 | F7: 2.4 | G7: 0.6 | H7: 4.9 | I7: 14 | J7: 6.5 | K7: 0.8 | L7: 3.2 | M7: 4.3 | N7: 9.9 | O7: ='2.2021'!O7/'2.2021'!$B7*100 -> 3.4193722 | P7: ='2.2021'!P7/'2.2021'!$B7*100 -> 6.4735614 | Q7: 4.3 | R7: 2.2 | S7: 4.8 | T7: 3.1 | U7: 3.1 | V7: 0.9 | W7: 0.5 | X7: 0
A8: Центральный федеральный округ | B8: 100 | C8: 3 | D8: 1.3 | E8: 17.5 | F8: 2.3 | G8: 0.5 | H8: 4.6 | I8: 16.3 | J8: 6.1 | K8: 0.9 | L8: 5.5 | M8: 8.5 | N8: 12.4 | O8: ='2.2021'!O8/'2.2021'!$B8*100 -> 4.7480348 | P8: ='2.2021'!P8/'2.2021'!$B8*100 -> 7.6900939 | Q8: 6.6 | R8: 2.8 | S8: 4.2 | T8: 2.8 | U8: 2.9 | V8: 1.1 | W8: 0.7 | X8: 0
A9: Белгородская область | B9: 100 | C9: 15.3 | D9: 31.4 | E9: 13.9 | F9: 1.1 | G9: 0.4 | H9: 3.8 | I9: 9.4 | J9: 3.3 | K9: 0.3 | L9: 1.3 | M9: 1 | N9: 7.4 | O9: ='2.2021'!O9/'2.2021'!$B9*100 -> 1.6296784 | P9: ='2.2021'!P9/'2.2021'!$B9*100 -> 5.7764127 | Q9: 1.4 | R9: 0.9 | S9: 3.1 | T9: 2.9 | U9: 2.2 | V9: 0.5 | W9: 0.4 | X9: 0
A10: Брянская область | B10: 100 | C10: 19.5 | D10: 0 | E10: 15.6 | F10: 3 | G10: 0.7 | H10: 3.4 | I10: 13.7 | J10: 7.2 | K10: 0.9 | L10: 1.9 | M10: 2 | N10: 10.7 | O10: ='2.2021'!O10/'2.2021'!$B10*100 -> 2.7974067 | P10: ='2.2021'!P10/'2.2021'!$B10*100 -> 7.8841373 | Q10: 1.6 | R10: 1.1 | S10: 7.1 | T10: 3.8 | U10: 4 | V10: 3.4 | W10: 0.4 | X10: 0
A11: Владимирская область | B11: 100 | C11: 3 | D11: 0.4 | E11: 43.3 | F11: 2.3 | G11: 0.7 | H11: 3.6 | I11: 11 | J11: 4 | K11: 0.8 | L11: 1.6 | M11: 1.7 | N11: 11.1 | O11: ='2.2021'!O11/'2.2021'!$B11*100 -> 2.7163321 | P11: ='2.2021'!P11/'2.2021'!$B11*100 -> 8.4091264 | Q11: 2.4 | R11: 1.5 | S11: 5.3 | T11: 3 | U11: 3.1 | V11: 0.8 | W11: 0.4 | X11: 0
A12: Воронежская область | B12: 100 | C12: 15.6 | D12: 0.4 | E12: 16.8 | F12: 2.6 | G12: 0.7 | H12: 5.5 | I12: 17.5 | J12: 4.7 | K12: 0.7 | L12: 2.1 | M12: 3.8 | N12: 9.5 | O12: ='2.2021'!O12/'2.2021'!$B12*100 -> 2.5379645 | P12: ='2.2021'!P12/'2.2021'!$B12*100 -> 6.9685813 | Q12: 4.6 | R12: 2.1 | S12: 5.4 | T12: 3.4 | U12: 3.6 | V12: 0.5 | W12: 0.5 | X12: 0
A13: Ивановская область | B13: 100 | C13: 2.8 | D13: 0.2 | E13: 21.5 | F13: 4.4 | G13: 0.7 | H13: 4.2 | I13: 15.4 | J13: 5.1 | K13: 0.9 | L13: 2.4 | M13: 2.5 | N13: 12.4 | O13: ='2.2021'!O13/'2.2021'!$B13*100 -> 4.3172979 | P13: ='2.2021'!P13/'2.2021'!$B13*100 -> 8.0762964 | Q13: 3.8 | R13: 2.4 | S13: 9.8 | T13: 4.8 | U13: 5.1 | V13: 1.1 | W13: 0.5 | X13: 0
A14: Калужская область | B14: 100 | C14: 5.3 | D14: 0.3 | E14: 41.6 | F14: 1.5 | G14: 0.5 | H14: 4.9 | I14: 9 | J14: 3.5 | K14: 0.9 | L14: 1.3 | M14: 1.9 | N14: 12 | O14: ='2.2021'!O14/'2.2021'!$B14*100 -> 3.825077 | P14: ='2.2021'!P14/'2.2021'!$B14*100 -> 8.1495568 | Q14: 3.1 | R14: 1.8 | S14: 5.1 | T14: 3 | U14: 3.2 | V14: 0.7 | W14: 0.4 | X14: 0
A15: Костромская область | B15: 100 | C15: 6.9 | D15: 0.2 | E15: 23.8 | F15: 6.8 | G15: 0.9 | H15: 4.5 | I15: 10.1 | J15: 5.9 | K15: 0.9 | L15: 2.4 | M15: 6.1 | N15: 9.9 | O15: ='2.2021'!O15/'2.2021'!$B15*100 -> 3.5549567 | P15: ='2.2021'!P15/'2.2021'!$B15*100 -> 6.3200973 | Q15: 1.6 | R15: 1.7 | S15: 8.4 | T15: 4.3 | U15: 4.1 | V15: 1.1 | W15: 0.4 | X15: 0
A16: Курская область | B16: 100 | C16: 16.9 | D16: 19.3 | E16: 11.5 | F16: 4.1 | G16: 0.5 | H16: 6.7 | I16: 8.7 | J16: 3.4 | K16: 0.4 | L16: 1 | M16: 1.5 | N16: 8.1 | O16: ='2.2021'!O16/'2.2021'!$B16*100 -> 1.7718156 | P16: ='2.2021'!P16/'2.2021'!$B16*100 -> 6.34591 | Q16: 3.9 | R16: 0.9 | S16: 4.8 | T16: 3.7 | U16: 3.6 | V16: 0.6 | W16: 0.4 | X16: 0
A17: Липецкая область | B17: 100 | C17: 8.5 | D17: 0.4 | E17: 47.8 | F17: 1 | G17: 0.5 | H17: 5.8 | I17: 8.7 | J17: 3.7 | K17: 0.5 | L17: 1.5 | M17: 1.3 | N17: 8.4 | O17: ='2.2021'!O17/'2.2021'!$B17*100 -> 1.8945684 | P17: ='2.2021'!P17/'2.2021'!$B17*100 -> 6.4811585 | Q17: 1.1 | R17: 1.2 | S17: 3.8 | T17: 2.4 | U17: 2.5 | V17: 0.6 | W17: 0.3 | X17: 0
A18: Московская область | B18: 100 | C18: 1.4 | D18: 0.2 | E18: 19.5 | F18: 2.2 | G18: 0.7 | H18: 5.2 | I18: 21.7 | J18: 5.8 | K18: 0.9 | L18: 1.8 | M18: 1.7 | N18: 16.7 | O18: ='2.2021'!O18/'2.2021'!$B18*100 -> 5.2572842 | P18: ='2.2021'!P18/'2.2021'!$B18*100 -> 11.395134 | Q18: 5.1 | R18: 2.6 | S18: 6.6 | T18: 3 | U18: 3.4 | V18: 0.9 | W18: 0.6 | X18: 0
... A102: Чукотский автономный округ | B102: 100 | C102: 2.1 | D102: 40 | E102: 0.2 | F102: 13.1 | G102: 0.5 | H102: 10.8 | I102: 5.7 | J102: 4.1 | K102: 0.5 | L102: 0.5 | M102: 0.5 | N102: 1.2 | O102: ='2.2021'!O102/'2.2021'!$B102*100 -> 0.63388654 | P102: ='2.2021'!P102/'2.2021'!$B102*100 -> 0.52868943 | Q102: 0.9 | R102: 0.4 | S102: 11 | T102: 3.8 | U102: 3.3 | V102: 1 | W102: 0.4 | X102: 0
A104: 1) Данные динамического ряда, начиная с 2016 года, содержат изменения, связанные с внедрением международной методологии оценки жилищных услуг, производимых и потребляемых собственниками жилья; оценкой потребления основного капитала, исходя из его текущей рыночной стоимости.
A105: 2)Данные динамического ряда, начиная с 2017 года, содержат изменения, связанные с включением в формирование показателей деятельности: кредитных организаций; финансовых услуг, кроме услуг по страхованию и пенсионному обеспечению; негосударственных пенсионных фондов; вспомогательной в сфере финансовых услуг и страхования.

Sheet 3.2022
A1: К содержанию
A2: Отраслевая структура валовой добавленной стоимости субъектов Российской Федерации в 2022 г.1)2)3) (в текущих ценах; в процентах к итогу)
B3: Валовая добавленная стоимость в основных ценах | C3: в том числе
C4: Раздел A | D4: Раздел B | E4: Раздел C | F4: Раздел D | G4: Раздел E | H4: Раздел F | I4: Раздел G | J4: Раздел H | K4: Раздел I | L4: Раздел J | M4: Раздел K | N4: Раздел L | Q4: Раздел M | R4: Раздел N | S4: Раздел О | T4: Раздел P | U4: Раздел Q | V4: Раздел R | W4: Раздел S | X4: Раздел T
N5: Деятельность по операциям с недвижимым имуществом | O5: в том числе:
C6: Сельское, лесное хозяйство, охота, рыболовство и рыбоводство | D6: Добыча полезных ископаемых | E6: Обрабатывающие производства | F6: Обеспечение электрической энергией, газом и паром; кондиционирование воздуха | G6: Водоснабжение; водоотведение, организация сбора и утилизация отходов, деятельность по ликвидации загрязнений | H6: Строительство | I6: Торговля оптовая и розничная; ремонт автотранспортных средств и мотоциклов | J6: Транспортировка и хранение | K6: Деятельность гостиниц и предприятий общественного питания | L6: Деятельность в области информации и связи | M6: Деятельность финансовая и страховая | O6: Операции с недвижимым имуществом | P6: Услуги по проживанию в собственном жилище | Q6: Деятельность профессиональная, научная и техническая | R6: Деятельность административная и сопутствующие дополнительные услуги | S6: Государственное управление и обеспечение военной безопасности; социальное обеспечение | T6: Образование | U6: Деятельность в области здравоохранения и социальных услуг | V6: Деятельность в области культуры, спорта, организации досуга и развлечений | W6: Предоставление прочих видов услуг | X6: Деятельность домашних хозяйств как работодателей; недифференцированная деятельность частных домашних хозяйств по производству1)
A7: Российская Федерация из суммы субъектов Российской Федерации | B7: 100 | C7: 4 | D7: 14.3 | E7: 15.3 | F7: 2.2 | G7: 0.5 | H7: 5.3 | I7: 14.4 | J7: 6.7 | K7: 0.9 | L7: 3.3 | M7: 3.5 | N7: 10.5 | O7: ='2.2022'!O7/'2.2022'!$B7*100 -> 3.5140018 | P7: ='2.2022'!P7/'2.2022'!$B7*100 -> 6.9606626 | Q7: 4.5 | R7: 2.3 | S7: 4.8 | T7: 3.1 | U7: 2.9 | V7: 1.1 | W7: 0.4 | X7: 0
A8: Центральный федеральный округ | B8: 100 | C8: 2.7 | D8: 0.8 | E8: 15.8 | F8: 2.2 | G8: 0.5 | H8: 5.1 | I8: 16.4 | J8: 6.7 | K8: 0.9 | L8: 5.8 | M8: 7.2 | N8: 13.3 | O8: ='2.2022'!O8/'2.2022'!$B8*100 -> 4.8570314 | P8: ='2.2022'!P8/'2.2022'!$B8*100 -> 8.4887548 | Q8: 7.2 | R8: 3.3 | S8: 4.4 | T8: 2.8 | U8: 2.7 | V8: 1.6 | W8: 0.6 | X8: 0
A9: Белгородская область | B9: 100 | C9: 14.5 | D9: 21.7 | E9: 17 | F9: 1.3 | G9: 0.5 | H9: 4.2 | I9: 11.3 | J9: 4.4 | K9: 0.4 | L9: 1.6 | M9: 1 | N9: 8.6 | O9: ='2.2022'!O9/'2.2022'!$B9*100 -> 2.2121301 | P9: ='2.2022'!P9/'2.2022'!$B9*100 -> 6.3847364 | Q9: 1.5 | R9: 1.2 | S9: 3.7 | T9: 3.5 | U9: 2.6 | V9: 0.6 | W9: 0.4 | X9: 0
A10: Брянская область | B10: 100 | C10: 17.3 | D10: 0 | E10: 19.2 | F10: 2.8 | G10: 0.5 | H10: 3 | I10: 13.8 | J10: 7.8 | K10: 0.9 | L10: 1.6 | M10: 1.6 | N10: 9.6 | O10: ='2.2022'!O10/'2.2022'!$B10*100 -> 2.6269146 | P10: ='2.2022'!P10/'2.2022'!$B10*100 -> 6.9258418 | Q10: 1.5 | R10: 1.3 | S10: 7.2 | T10: 3.9 | U10: 3.8 | V10: 3.9 | W10: 0.3 | X10: 0
A11: Владимирская область | B11: 100 | C11: 3 | D11: 0.7 | E11: 34 | F11: 2.3 | G11: 0.6 | H11: 7.2 | I11: 12.5 | J11: 4.3 | K11: 0.8 | L11: 1.9 | M11: 1.4 | N11: 13.1 | O11: ='2.2022'!O11/'2.2022'!$B11*100 -> 3.4615505 | P11: ='2.2022'!P11/'2.2022'!$B11*100 -> 9.6307745 | Q11: 3.2 | R11: 1.5 | S11: 5.7 | T11: 3.2 | U11: 3.3 | V11: 0.9 | W11: 0.4 | X11: 0
A12: Воронежская область | B12: 100 | C12: 15.7 | D12: 0.4 | E12: 15.4 | F12: 2.5 | G12: 0.7 | H12: 5.9 | I12: 16.1 | J12: 5.4 | K12: 0.8 | L12: 2.2 | M12: 3.1 | N12: 11 | O12: ='2.2022'!O12/'2.2022'!$B12*100 -> 2.7924961 | P12: ='2.2022'!P12/'2.2022'!$B12*100 -> 8.1742901 | Q12: 4.8 | R12: 1.8 | S12: 5.9 | T12: 3.7 | U12: 3.5 | V12: 0.7 | W12: 0.4 | X12: 0
A13: Ивановская область | B13: 100 | C13: 3 | D13: 0.2 | E13: 25 | F13: 3.6 | G13: 0.6 | H13: 3.1 | I13: 15.2 | J13: 5.1 | K13: 0.9 | L13: 2.2 | M13: 1.8 | N13: 13.3 | O13: ='2.2022'!O13/'2.2022'!$B13*100 -> 3.7303106 | P13: ='2.2022'!P13/'2.2022'!$B13*100 -> 9.5572462 | Q13: 3.5 | R13: 2 | S13: 9.6 | T13: 4.6 | U13: 4.6 | V13: 1.2 | W13: 0.5 | X13: 0
A14: Калужская область | B14: 100 | C14: 6.2 | D14: 0.3 | E14: 36.2 | F14: 1.6 | G14: 0.4 | H14: 4.1 | I14: 10.4 | J14: 4.8 | K14: 1 | L14: 1.7 | M14: 1.6 | N14: 14.2 | O14: ='2.2022'!O14/'2.2022'!$B14*100 -> 4.298085 | P14: ='2.2022'!P14/'2.2022'!$B14*100 -> 9.8664816 | Q14: 2.3 | R14: 1.9 | S14: 5.5 | T14: 3.2 | U14: 3.4 | V14: 0.8 | W14: 0.4 | X14: 0
A15: Костромская область | B15: 100 | C15: 6.4 | D15: 0.2 | E15: 25.1 | F15: 6.5 | G15: 0.8 | H15: 3.2 | I15: 10.4 | J15: 6.4 | K15: 1 | L15: 2.5 | M15: 5.8 | N15: 10.3 | O15: ='2.2022'!O15/'2.2022'!$B15*100 -> 3.1811769 | P15: ='2.2022'!P15/'2.2022'!$B15*100 -> 7.1312532 | Q15: 1.7 | R15: 1.5 | S15: 8.3 | T15: 4.4 | U15: 4 | V15: 1.1 | W15: 0.4 | X15: 0
A16: Курская область | B16: 100 | C16: 16.6 | D16: 10.1 | E16: 15.8 | F16: 4.1 | G16: 0.4 | H16: 7.5 | I16: 10.4 | J16: 4 | K16: 0.5 | L16: 1.1 | M16: 1.3 | N16: 9.8 | O16: ='2.2022'!O16/'2.2022'!$B16*100 -> 1.9380612 | P16: ='2.2022'!P16/'2.2022'!$B16*100 -> 7.8919172 | Q16: 2.5 | R16: 1.1 | S16: 5.7 | T16: 4.3 | U16: 3.7 | V16: 0.7 | W16: 0.4 | X16: 0
A17: Липецкая область | B17: 100 | C17: 9.6 | D17: 0.6 | E17: 37.5 | F17: 1.2 | G17: 0.5 | H17: 5.5 | I17: 10.1 | J17: 4.7 | K17: 0.7 | L17: 1.9 | M17: 1.1 | N17: 11.9 | O17: ='2.2022'!O17/'2.2022'!$B17*100 -> 2.2726555 | P17: ='2.2022'!P17/'2.2022'!$B17*100 -> 9.6188103 | Q17: 1.4 | R17: 1.5 | S17: 4.7 | T17: 3 | U17: 3.1 | V17: 0.7 | W17: 0.3 | X17: 0
A18: Московская область | B18: 100 | C18: 1.4 | D18: 0.1 | E18: 18.7 | F18: 2 | G18: 0.7 | H18: 5.3 | I18: 21 | J18: 6.6 | K18: 0.9 | L18: 1.7 | M18: 1.2 | N18: 17.6 | O18: ='2.2022'!O18/'2.2022'!$B18*100 -> 5.4355446 | P18: ='2.2022'!P18/'2.2022'!$B18*100 -> 12.154282 | Q18: 4.8 | R18: 2.5 | S18: 6.7 | T18: 2.8 | U18: 3 | V18: 2.5 | W18: 0.5 | X18: 0
... A102: Чукотский автономный округ | B102: 100 | C102: 2 | D102: 28.8 | E102: 0.2 | F102: 13.1 | G102: 0.5 | H102: 17.9 | I102: 4.8 | J102: 7.5 | K102: 0.8 | L102: 0.5 | M102: 0.4 | N102: 1.4 | O102: ='2.2022'!O102/'2.2022'!$B102*100 -> 0.57434055 | P102: ='2.2022'!P102/'2.2022'!$B102*100 -> 0.81104814 | Q102: 0.9 | R102: 0.5 | S102: 11.8 | T102: 4.1 | U102: 3.3 | V102: 1.1 | W102: 0.4 | X102: 0
A104: 1) Данные динамического ряда, начиная с 2016 года, содержат изменения, связанные с внедрением международной методологии оценки жилищных услуг, производимых и потребляемых собственниками жилья; оценкой потребления основного капитала, исходя из его текущей рыночной стоимости.
A105: 2) Без учета статистической информации по Донецкой Народной Республике (ДНР), Луганской Народной Республике (ЛНР), Запорожской и Херсонской областям
A106: 3)Данные динамического ряда, начиная с 2017 года, содержат изменения, связанные с включением в формирование показателей деятельности: кредитных организаций; финансовых услуг, кроме услуг по страхованию и пенсионному обеспечению; негосударственных пенсионных фондов; вспомогательной в сфере финансовых услуг и страхования.

Sheet 3.2023
A1: К содержанию
A2: Отраслевая структура валовой добавленной стоимости субъектов Российской Федерации в 2023 г.1)2)3) (в текущих ценах; в процентах к итогу)
B3: Валовая добавленная стоимость в основных ценах | C3: в том числе
C4: Раздел A | D4: Раздел B | E4: Раздел C | F4: Раздел D | G4: Раздел E | H4: Раздел F | I4: Раздел G | J4: Раздел H | K4: Раздел I | L4: Раздел J | M4: Раздел K | N4: Раздел L | Q4: Раздел M | R4: Раздел N | S4: Раздел О | T4: Раздел P | U4: Раздел Q | V4: Раздел R | W4: Раздел S | X4: Раздел T
N5: Деятельность по операциям с недвижимым имуществом | O5: в том числе:
C6: Сельское, лесное хозяйство, охота, рыболовство и рыбоводство | D6: Добыча полезных ископаемых | E6: Обрабатывающие производства | F6: Обеспечение электрической энергией, газом и паром; кондиционирование воздуха | G6: Водоснабжение; водоотведение, организация сбора и утилизация отходов, деятельность по ликвидации загрязнений | H6: Строительство | I6: Торговля оптовая и розничная; ремонт автотранспортных средств и мотоциклов | J6: Транспортировка и хранение | K6: Деятельность гостиниц и предприятий общественного питания | L6: Деятельность в области информации и связи | M6: Деятельность финансовая и страховая | O6: Операции с недвижимым имуществом | P6: Услуги по проживанию в собственном жилище | Q6: Деятельность профессиональная, научная и техническая | R6: Деятельность административная и сопутствующие дополнительные услуги | S6: Государственное управление и обеспечение военной безопасности; социальное обеспечение | T6: Образование | U6: Деятельность в области здравоохранения и социальных услуг | V6: Деятельность в области культуры, спорта, организации досуга и развлечений | W6: Предоставление прочих видов услуг | X6: Деятельность домашних хозяйств как работодателей; недифференцированная деятельность частных домашних хозяйств по производству1)
A7: Российская Федерация из суммы субъектов Российской Федерации | B7: 100 | C7: 3.6 | D7: 13.5 | E7: 15.4 | F7: 2.2 | G7: 0.5 | H7: 5.6 | I7: 13.5 | J7: 7.2 | K7: 0.9 | L7: 3.7 | M7: 4.4 | N7: 10.3 | O7: ='2.2023'!O7/'2.2023'!$B7*100 -> 3.4652675 | P7: ='2.2023'!P7/'2.2023'!$B7*100 -> 6.8767349 | Q7: 4.7 | R7: 2.2 | S7: 4.8 | T7: 3.1 | U7: 2.8 | V7: 1.1 | W7: 0.5 | X7: 0
A8: Центральный федеральный округ | B8: 100 | C8: 2.4 | D8: 0.6 | E8: 15.6 | F8: 2.1 | G8: 0.5 | H8: 4.9 | I8: 16.5 | J8: 6.8 | K8: 0.9 | L8: 6.7 | M8: 8.6 | N8: 12.3 | O8: ='2.2023'!O8/'2.2023'!$B8*100 -> 4.4711435 | P8: ='2.2023'!P8/'2.2023'!$B8*100 -> 7.8059843 | Q8: 7.3 | R8: 3.2 | S8: 4.2 | T8: 2.7 | U8: 2.5 | V8: 1.5 | W8: 0.7 | X8: 0
A9: Белгородская область | B9: 100 | C9: 14.6 | D9: 18.8 | E9: 17.6 | F9: 1.3 | G9: 0.4 | H9: 5 | I9: 11 | J9: 5.2 | K9: 0.5 | L9: 1.8 | M9: 1.3 | N9: 8.3 | O9: ='2.2023'!O9/'2.2023'!$B9*100 -> 1.9415088 | P9: ='2.2023'!P9/'2.2023'!$B9*100 -> 6.3534555 | Q9: 1.8 | R9: 1.1 | S9: 4.1 | T9: 3.5 | U9: 2.7 | V9: 0.6 | W9: 0.4 | X9: 0
A10: Брянская область | B10: 100 | C10: 18.8 | D10: 0 | E10: 21.3 | F10: 2.6 | G10: 0.6 | H10: 3.1 | I10: 11.5 | J10: 7.9 | K10: 0.8 | L10: 1.7 | M10: 1.9 | N10: 10.9 | O10: ='2.2023'!O10/'2.2023'!$B10*100 -> 2.1196708 | P10: ='2.2023'!P10/'2.2023'!$B10*100 -> 8.742061 | Q10: 1.8 | R10: 1.1 | S10: 7.2 | T10: 3.6 | U10: 3.8 | V10: 1.1 | W10: 0.3 | X10: 0
A11: Владимирская область | B11: 100 | C11: 2.9 | D11: 0.7 | E11: 33.1 | F11: 2.6 | G11: 0.6 | H11: 7 | I11: 13.3 | J11: 4.6 | K11: 0.8 | L11: 1.8 | M11: 1.6 | N11: 13.2 | O11: ='2.2023'!O11/'2.2023'!$B11*100 -> 3.1988478 | P11: ='2.2023'!P11/'2.2023'!$B11*100 -> 9.9993184 | Q11: 2.9 | R11: 1.4 | S11: 5.8 | T11: 3.1 | U11: 3.3 | V11: 0.9 | W11: 0.4 | X11: 0
A12: Воронежская область | B12: 100 | C12: 15.3 | D12: 0.5 | E12: 14.5 | F12: 2.5 | G12: 0.7 | H12: 6.3 | I12: 15.5 | J12: 5.7 | K12: 0.8 | L12: 2 | M12: 4.1 | N12: 10.2 | O12: ='2.2023'!O12/'2.2023'!$B12*100 -> 3.4950285 | P12: ='2.2023'!P12/'2.2023'!$B12*100 -> 6.655409 | Q12: 5 | R12: 2 | S12: 6.1 | T12: 3.8 | U12: 3.8 | V12: 0.7 | W12: 0.5 | X12: 0
A13: Ивановская область | B13: 100 | C13: 3.5 | D13: 0.2 | E13: 26.2 | F13: 3.1 | G13: 0.6 | H13: 3.5 | I13: 15.6 | J13: 4.8 | K13: 0.8 | L13: 2.2 | M13: 2.1 | N13: 12.7 | O13: ='2.2023'!O13/'2.2023'!$B13*100 -> 3.9840093 | P13: ='2.2023'!P13/'2.2023'!$B13*100 -> 8.6964192 | Q13: 3.5 | R13: 1.8 | S13: 9.4 | T13: 4.1 | U13: 4.2 | V13: 1.2 | W13: 0.5 | X13: 0
A14: Калужская область | B14: 100 | C14: 6.3 | D14: 0.4 | E14: 37.1 | F14: 1.4 | G14: 0.4 | H14: 3.2 | I14: 10.7 | J14: 4.8 | K14: 1.1 | L14: 2 | M14: 2 | N14: 12.7 | O14: ='2.2023'!O14/'2.2023'!$B14*100 -> 3.6459763 | P14: ='2.2023'!P14/'2.2023'!$B14*100 -> 9.08532 | Q14: 3.4 | R14: 1.5 | S14: 5.4 | T14: 3.1 | U14: 3.2 | V14: 0.8 | W14: 0.5 | X14: 0
A15: Костромская область | B15: 100 | C15: 6.8 | D15: 0.2 | E15: 23.7 | F15: 6 | G15: 0.8 | H15: 3.4 | I15: 9.8 | J15: 6.8 | K15: 1.1 | L15: 2.7 | M15: 6.9 | N15: 10.4 | O15: ='2.2023'!O15/'2.2023'!$B15*100 -> 2.4533548 | P15: ='2.2023'!P15/'2.2023'!$B15*100 -> 7.92217 | Q15: 1.9 | R15: 1.7 | S15: 8.4 | T15: 4.1 | U15: 3.8 | V15: 1.1 | W15: 0.4 | X15: 0
A16: Курская область | B16: 100 | C16: 14.9 | D16: 8.1 | E16: 17.5 | F16: 4.5 | G16: 0.5 | H16: 7.7 | I16: 10.6 | J16: 4.3 | K16: 0.5 | L16: 1.2 | M16: 1.6 | N16: 9.6 | O16: ='2.2023'!O16/'2.2023'!$B16*100 -> 1.8255669 | P16: ='2.2023'!P16/'2.2023'!$B16*100 -> 7.7442034 | Q16: 3.2 | R16: 1.1 | S16: 5.9 | T16: 4.2 | U16: 3.5 | V16: 0.7 | W16: 0.4 | X16: 0
A17: Липецкая область | B17: 100 | C17: 8.3 | D17: 0.5 | E17: 42.7 | F17: 1.3 | G17: 0.7 | H17: 5.4 | I17: 9.1 | J17: 4.2 | K17: 0.6 | L17: 1.9 | M17: 1.1 | N17: 10.6 | O17: ='2.2023'!O17/'2.2023'!$B17*100 -> 1.740369 | P17: ='2.2023'!P17/'2.2023'!$B17*100 -> 8.8116219 | Q17: 1.4 | R17: 1.2 | S17: 4.5 | T17: 2.7 | U17: 2.8 | V17: 0.7 | W17: 0.3 | X17: 0
A18: Московская область | B18: 100 | C18: 1.1 | D18: 0.2 | E18: 20.2 | F18: 1.9 | G18: 0.7 | H18: 4.8 | I18: 20.5 | J18: 7 | K18: 0.9 | L18: 2.1 | M18: 1.4 | N18: 16.5 | O18: ='2.2023'!O18/'2.2023'!$B18*100 -> 5.4658313 | P18: ='2.2023'!P18/'2.2023'!$B18*100 -> 11.010053 | Q18: 5.9 | R18: 2.1 | S18: 6.3 | T18: 2.6 | U18: 2.7 | V18: 2.6 | W18: 0.5 | X18: 0
... A102: Чукотский автономный округ | B102: 100 | C102: 1.3 | D102: 37 | E102: 0.4 | F102: 12.1 | G102: 0.4 | H102: 17 | I102: 3.8 | J102: 5.9 | K102: 0.7 | L102: 0.4 | M102: 0.5 | N102: 1.1 | O102: ='2.2023'!O102/'2.2023'!$B102*100 -> 0.45310044 | P102: ='2.2023'!P102/'2.2023'!$B102*100 -> 0.67959381 | Q102: 0.9 | R102: 0.4 | S102: 10.7 | T102: 3.4 | U102: 2.7 | V102: 0.9 | W102: 0.4 | X102: 0
A104: 1) Данные динамического ряда, начиная с 2016 года, содержат изменения, связанные с внедрением международной методологии оценки жилищных услуг, производимых и потребляемых собственниками жилья; оценкой потребления основного капитала, исходя из его текущей рыночной стоимости.
A105: 2) Без учета статистической информации по Донецкой Народной Республике (ДНР), Луганской Народной Республике (ЛНР), Запорожской и Херсонской областям
A106: 3)Данные динамического ряда, начиная с 2017 года, содержат изменения, связанные с включением в формирование показателей деятельности: кредитных организаций; финансовых услуг, кроме услуг по страхованию и пенсионному обеспечению; негосударственных пенсионных фондов; вспомогательной в сфере финансовых услуг и страхования.

Sheet 3.2024
A1: К содержанию
A2: Отраслевая структура валовой добавленной стоимости субъектов Российской Федерации в 2024 г.1)2)3) (в текущих ценах; в процентах к итогу)
B3: Валовая добавленная стоимость в основных ценах | C3: в том числе
C4: Раздел A | D4: Раздел B | E4: Раздел C | F4: Раздел D | G4: Раздел E | H4: Раздел F | I4: Раздел G | J4: Раздел H | K4: Раздел I | L4: Раздел J | M4: Раздел K | N4: Раздел L | Q4: Раздел M | R4: Раздел N | S4: Раздел О | T4: Раздел P | U4: Раздел Q | V4: Раздел R | W4: Раздел S | X4: Раздел T
N5: Деятельность по операциям с недвижимым имуществом | O5: в том числе:
C6: Сельское, лесное хозяйство, охота, рыболовство и рыбоводство | D6: Добыча полезных ископаемых | E6: Обрабатывающие производства | F6: Обеспечение электрической энергией, газом и паром; кондиционирование воздуха | G6: Водоснабжение; водоотведение, организация сбора и утилизация отходов, деятельность по ликвидации загрязнений | H6: Строительство | I6: Торговля оптовая и розничная; ремонт автотранспортных средств и мотоциклов | J6: Транспортировка и хранение | K6: Деятельность гостиниц и предприятий общественного питания | L6: Деятельность в области информации и связи | M6: Деятельность финансовая и страховая | O6: Операции с недвижимым имуществом | P6: Услуги по проживанию в собственном жилище | Q6: Деятельность профессиональная, научная и техническая | R6: Деятельность административная и сопутствующие дополнительные услуги | S6: Государственное управление и обеспечение военной безопасности; социальное обеспечение | T6: Образование | U6: Деятельность в области здравоохранения и социальных услуг | V6: Деятельность в области культуры, спорта, организации досуга и развлечений | W6: Предоставление прочих видов услуг | X6: Деятельность домашних хозяйств как работодателей; недифференцированная деятельность частных домашних хозяйств по производству1)
A7: Российская Федерация из суммы субъектов Российской Федерации | B7: 100 | C7: 3.5 | D7: 13.7 | E7: 15.2 | F7: 2.1 | G7: 0.5 | H7: 5.6 | I7: 13 | J7: 7.1 | K7: 1.1 | L7: 4 | M7: 3.9 | N7: 10.7 | O7: ='2.2024'!O7/'2.2024'!$B7*100 -> 3.5463534 | P7: ='2.2024'!P7/'2.2024'!$B7*100 -> 7.1576075 | Q7: 5 | R7: 2.2 | S7: 4.8 | T7: 3.1 | U7: 2.9 | V7: 1.1 | W7: 0.5 | X7: 0
A8: Центральный федеральный округ | B8: 100 | C8: 2.3 | D8: 0.7 | E8: 15.7 | F8: 2 | G8: 0.5 | H8: 4.4 | I8: 15.3 | J8: 7 | K8: 1.1 | L8: 7.5 | M8: 7.9 | N8: 12.7 | O8: ='2.2024'!O8/'2.2024'!$B8*100 -> 4.7486927 | P8: ='2.2024'!P8/'2.2024'!$B8*100 -> 7.9660678 | Q8: 7.9 | R8: 3.2 | S8: 4.2 | T8: 2.7 | U8: 2.7 | V8: 1.5 | W8: 0.7 | X8: 0
A9: Белгородская область | B9: 100 | C9: 13.9 | D9: 20 | E9: 17 | F9: 1.2 | G9: 0.4 | H9: 4.9 | I9: 11.1 | J9: 5.4 | K9: 0.5 | L9: 1.8 | M9: 1.6 | N9: 7.9 | O9: ='2.2024'!O9/'2.2024'!$B9*100 -> 1.8732965 | P9: ='2.2024'!P9/'2.2024'!$B9*100 -> 6.0766266 | Q9: 1.8 | R9: 1.1 | S9: 4.2 | T9: 3.4 | U9: 2.7 | V9: 0.7 | W9: 0.4 | X9: 0
A10: Брянская область | B10: 100 | C10: 18.7 | D10: 0 | E10: 22 | F10: 2.4 | G10: 0.5 | H10: 2.9 | I10: 11.9 | J10: 7.7 | K10: 0.8 | L10: 1.8 | M10: 1.6 | N10: 10.8 | O10: ='2.2024'!O10/'2.2024'!$B10*100 -> 2.6334742 | P10: ='2.2024'!P10/'2.2024'!$B10*100 -> 8.1465615 | Q10: 1.5 | R10: 1.2 | S10: 7.3 | T10: 3.8 | U10: 3.9 | V10: 0.8 | W10: 0.4 | X10: 0
A11: Владимирская область | B11: 100 | C11: 3 | D11: 0.8 | E11: 35.8 | F11: 2.5 | G11: 0.6 | H11: 3.5 | I11: 14.2 | J11: 4.9 | K11: 1.1 | L11: 1.7 | M11: 1.4 | N11: 12 | O11: ='2.2024'!O11/'2.2024'!$B11*100 -> 2.969464 | P11: ='2.2024'!P11/'2.2024'!$B11*100 -> 9.0092685 | Q11: 2.7 | R11: 1.6 | S11: 5.8 | T11: 3.4 | U11: 3.7 | V11: 0.9 | W11: 0.4 | X11: 0
A12: Воронежская область | B12: 100 | C12: 13.3 | D12: 0.5 | E12: 15.3 | F12: 2.4 | G12: 0.6 | H12: 6.2 | I12: 15.5 | J12: 5.7 | K12: 1 | L12: 2.1 | M12: 3.4 | N12: 11.3 | O12: ='2.2024'!O12/'2.2024'!$B12*100 -> 3.4175823 | P12: ='2.2024'!P12/'2.2024'!$B12*100 -> 7.9200887 | Q12: 5.2 | R12: 2.2 | S12: 6.2 | T12: 3.8 | U12: 4 | V12: 0.8 | W12: 0.5 | X12: 0
A13: Ивановская область | B13: 100 | C13: 3.4 | D13: 0.2 | E13: 26.5 | F13: 2.6 | G13: 0.6 | H13: 4.2 | I13: 15.7 | J13: 5.4 | K13: 0.9 | L13: 2.2 | M13: 1.5 | N13: 11.9 | O13: ='2.2024'!O13/'2.2024'!$B13*100 -> 3.2394365 | P13: ='2.2024'!P13/'2.2024'!$B13*100 -> 8.6720439 | Q13: 3.4 | R13: 1.7 | S13: 9.5 | T13: 4.2 | U13: 4.3 | V13: 1.2 | W13: 0.6 | X13: 0
A14: Калужская область | B14: 100 | C14: 6.3 | D14: 0.4 | E14: 38.8 | F14: 1.4 | G14: 0.5 | H14: 3.5 | I14: 10 | J14: 4.4 | K14: 1.2 | L14: 1.8 | M14: 1.8 | N14: 12.1 | O14: ='2.2024'!O14/'2.2024'!$B14*100 -> 3.8539852 | P14: ='2.2024'!P14/'2.2024'!$B14*100 -> 8.2296661 | Q14: 3.2 | R14: 1.7 | S14: 5.4 | T14: 3 | U14: 3.1 | V14: 0.9 | W14: 0.5 | X14: 0
A15: Костромская область | B15: 100 | C15: 6.6 | D15: 0.2 | E15: 27.1 | F15: 5.3 | G15: 0.6 | H15: 3.2 | I15: 9.3 | J15: 6.6 | K15: 1.1 | L15: 2.3 | M15: 5 | N15: 10.8 | O15: ='2.2024'!O15/'2.2024'!$B15*100 -> 2.7988964 | P15: ='2.2024'!P15/'2.2024'!$B15*100 -> 7.9894973 | Q15: 2.3 | R15: 1.6 | S15: 8 | T15: 4.1 | U15: 3.7 | V15: 1.8 | W15: 0.4 | X15: 0
A16: Курская область | B16: 100 | C16: 12.6 | D16: 8.8 | E16: 18.5 | F16: 3.7 | G16: 0.5 | H16: 7.7 | I16: 10.8 | J16: 4.6 | K16: 0.6 | L16: 1.3 | M16: 1.3 | N16: 10.3 | O16: ='2.2024'!O16/'2.2024'!$B16*100 -> 1.9906219 | P16: ='2.2024'!P16/'2.2024'!$B16*100 -> 8.3160788 | Q16: 3.2 | R16: 1.1 | S16: 6.2 | T16: 4.2 | U16: 3.6 | V16: 0.6 | W16: 0.4 | X16: 0
A17: Липецкая область | B17: 100 | C17: 8.5 | D17: 0.5 | E17: 37.7 | F17: 1.2 | G17: 1 | H17: 6.6 | I17: 9.7 | J17: 4.8 | K17: 0.7 | L17: 2 | M17: 1 | N17: 11.3 | O17: ='2.2024'!O17/'2.2024'!$B17*100 -> 2.0398332 | P17: ='2.2024'!P17/'2.2024'!$B17*100 -> 9.2596963 | Q17: 1.6 | R17: 1.5 | S17: 4.7 | T17: 2.9 | U17: 3.3 | V17: 0.7 | W17: 0.3 | X17: 0
A18: Московская область | B18: 100 | C18: 1.2 | D18: 0.2 | E18: 21.5 | F18: 1.8 | G18: 0.7 | H18: 5.1 | I18: 19.9 | J18: 7.1 | K18: 1.1 | L18: 2.7 | M18: 1.2 | N18: 15.4 | O18: ='2.2024'!O18/'2.2024'!$B18*100 -> 5.7250411 | P18: ='2.2024'!P18/'2.2024'!$B18*100 -> 9.6975182 | Q18: 5.4 | R18: 2.3 | S18: 6.1 | T18: 2.6 | U18: 2.9 | V18: 2.2 | W18: 0.6 | X18: 0
... A102: Чукотский автономный округ | B102: 100 | C102: 1.2 | D102: 42.4 | E102: 0.5 | F102: 10.9 | G102: 0.5 | H102: 15.5 | I102: 3.9 | J102: 3.5 | K102: 0.8 | L102: 0.5 | M102: 0.4 | N102: 1.1 | O102: ='2.2024'!O102/'2.2024'!$B102*100 -> 0.45222358 | P102: ='2.2024'!P102/'2.2024'!$B102*100 -> 0.69689938 | Q102: 0.9 | R102: 0.4 | S102: 10.7 | T102: 3.2 | U102: 2.4 | V102: 0.8 | W102: 0.4 | X102: 0
A104: 1) Данные динамического ряда, начиная с 2016 года, содержат изменения, связанные с внедрением международной методологии оценки жилищных услуг, производимых и потребляемых собственниками жилья; оценкой потребления основного капитала, исходя из его текущей рыночной стоимости.
A105: 2) Без учета статистической информации по Донецкой Народной Республике (ДНР), Луганской Народной Республике (ЛНР), Запорожской и Херсонской областям
A106: 3)Данные динамического ряда, начиная с 2017 года, содержат изменения, связанные с включением в формирование показателей деятельности: кредитных организаций; финансовых услуг, кроме услуг по страхованию и пенсионному обеспечению; негосударственных пенсионных фондов; вспомогательной в сфере финансовых услуг и страхования.

Sheet 4.2016
A1: К содержанию
A2: Валовой региональный продукт в 2016 г.1) (в постоянных ценах 2016 года; тыс. руб.)
B3: Валовая добавленная стоимость в основных ценах | C3: в том числе
C4: Раздел A | D4: Раздел B | E4: Раздел C | F4: Раздел D | G4: Раздел E | H4: Раздел F | I4: Раздел G | J4: Раздел H | K4: Раздел I | L4: Раздел J | M4: Раздел K | N4: Раздел L | Q4: Раздел M | R4: Раздел N | S4: Раздел О | T4: Раздел P | U4: Раздел Q | V4: Раздел R | W4: Раздел S | X4: Раздел T
N5: Деятельность по операциям с недвижимым имуществом | O5: в том числе:
C6: Сельское, лесное хозяйство, охота, рыболовство и рыбоводство | D6: Добыча полезных ископаемых | E6: Обрабатывающие производства | F6: Обеспечение электрической энергией, газом и паром; кондиционирование воздуха | G6: Водоснабжение; водоотведение, организация сбора и утилизация отходов, деятельность по ликвидации загрязнений | H6: Строительство | I6: Торговля оптовая и розничная; ремонт автотранспортных средств и мотоциклов | J6: Транспортировка и хранение | K6: Деятельность гостиниц и предприятий общественного питания | L6: Деятельность в области информации и связи | M6: Деятельность финансовая и страховая | O6: Операции с недвижимым имуществом | P6: Услуги по проживанию в собственном жилище | Q6: Деятельность профессиональная, научная и техническая | R6: Деятельность административная и сопутствующие дополнительные услуги | S6: Государственное управление и обеспечение военной безопасности; социальное обеспечение | T6: Образование | U6: Деятельность в области здравоохранения и социальных услуг | V6: Деятельность в области культуры, спорта, организации досуга и развлечений | W6: Предоставление прочих видов услуг | X6: Деятельность домашних хозяйств как работодателей; недифференцированная деятельность частных домашних хозяйств по производству1)
A7: Российская Федерация из суммы субъектов Российской Федерации | B7: 7.4120175e+10 | C7: 3.4368721e+09 | D7: 7.5472801e+09 | E7: 1.1706463e+10 | F7: 2.457698e+09 | G7: 4.4799396e+08 | H7: 4.6259787e+09 | I7: 1.1704814e+10 | J7: 5.568533e+09 | K7: 7.3515615e+08 | L7: 2.1095646e+09 | M7: 3.6325265e+08 | N7: =N8+N27+N40+N49+N57+N72+N80+N91 -> 8.0029072e+09 | O7: =O8+O27+O40+O49+O57+O72+O80+O91 -> 3.0802511e+09 | P7: =P8+P27+P40+P49+P57+P72+P80+P91 -> 4922656088 | Q7: 3.2427593e+09 | R7: 1.800926e+09 | S7: 4.5540086e+09 | T7: 2.1044747e+09 | U7: 2.7483382e+09 | V7: 6.0203627e+08 | W7: 3.6111825e+08 | X7: 0
A8: Центральный федеральный округ | B8: 2.5995587e+10 | C8: 7.7188549e+08 | D8: 1.3175264e+08 | E8: 3.8890467e+09 | F8: 9.0595384e+08 | G8: 1.3727882e+08 | H8: 1.3462023e+09 | I8: 6.0292245e+09 | J8: 1.6641753e+09 | K8: 2.1814893e+08 | L8: 1.1397394e+09 | M8: 2.4789735e+08 | N8: 3.5923081e+09 | O8: =SUM(O9:O26) -> 1.5878347e+09 | P8: =SUM(P9:P26) -> 2.0044734e+09 | Q8: 1.7958401e+09 | R8: 6.8611689e+08 | S8: 1.6100466e+09 | T8: 6.2849191e+08 | U8: 8.2940496e+08 | V8: 2.1314949e+08 | W8: 1.5892417e+08 | X8: 0
A9: Белгородская область | B9: 7.7802777e+08 | C9: 1.4101681e+08 | D9: 80102785 | E9: 1.5061163e+08 | F9: 19739503 | G9: 4701558.4 | H9: 50867786 | I9: 1.1098882e+08 | J9: 31899024 | K9: 3406082.1 | L9: 10789099 | M9: 1578853 | N9: 70297855 | O9: 20291390 | P9: 50006465 | Q9: 12171064 | R9: 9314575.8 | S9: 29571430 | T9: 18664258 | U9: 24461341 | V9: 4583206.1 | W9: 3262100.5 | X9: 0
A10: Брянская область | B10: 3.1648944e+08 | C10: 51795284 | D10: 181425.84 | E10: 46814707 | F10: 9312851.6 | G10: 2154525.8 | H10: 14014918 | I10: 51733386 | J10: 23186964 | K10: 5363963.6 | L10: 6938853.1 | M10: 930912 | N10: 41759421 | O10: 9695296 | P10: 32064124 | Q10: 5046317.8 | R10: 5425812.1 | S10: 24090068 | T10: 10646620 | U10: 12698497 | V10: 3122945.6 | W10: 1271972.6 | X10: 0
A11: Владимирская область | B11: 4.3154981e+08 | C11: 16597318 | D11: 1233536.5 | E11: 1.4256612e+08 | F11: 17002899 | G11: 4478370.9 | H11: 19382272 | I11: 48969570 | J11: 21923103 | K11: 3670065 | L11: 7760278.7 | M11: 1535739 | N11: 61797448 | O11: 22670620 | P11: 39126828 | Q11: 13929002 | R11: 7229187.6 | S11: 27168266 | T11: 11685475 | U11: 18789160 | V11: 3785085.5 | W11: 2046915.4 | X11: 0
A12: Воронежская область | B12: 8.2792856e+08 | C12: 1.1774197e+08 | D12: 3463897.6 | E12: 1.2315029e+08 | F12: 29295206 | G12: 6341559.4 | H12: 67066379 | I12: 1.4891906e+08 | J12: 55676358 | K12: 6218538.2 | L12: 14135484 | M12: 2084781 | N12: 87418843 | O12: 30811800 | P12: 56607043 | Q12: 32325980 | R12: 14585002 | S12: 52382508 | T12: 30025101 | U12: 28977113 | V12: 4095164.5 | W12: 4025324.4 | X12: 0
A13: Ивановская область | B13: 2.0581857e+08 | C13: 7864612.6 | D13: 415733.75 | E13: 29694644 | F13: 8995230.5 | G13: 1797728.5 | H13: 3308235.1 | I13: 43066610 | J13: 11147580 | K13: 2539004 | L13: 6010923.5 | M13: 293292 | N13: 31307218 | O13: 11068361 | P13: 20238857 | Q13: 7215874 | R13: 4521396.1 | S13: 22336275 | T13: 9013385 | U13: 12587474 | V13: 2167919.8 | W13: 1535435.7 | X13: 0
A14: Калужская область | B14: 4.0946226e+08 | C14: 20970333 | D14: 1559688.1 | E14: 1.3640406e+08 | F14: 6967700.8 | G14: 3683203.7 | H14: 31237608 | I14: 48318746 | J14: 12488207 | K14: 3585957.8 | L14: 8147075.8 | M14: 990152.16 | N14: 56346511 | O14: 16220823 | P14: 40125688 | Q14: 17117947 | R14: 4458588.7 | S14: 23334578 | T14: 11744801 | U14: 16616105 | V14: 3584843 | W14: 1906160 | X14: 0
A15: Костромская область | B15: 1.7022515e+08 | C15: 10542724 | D15: 137693.95 | E15: 35526123 | F15: 13294117 | G15: 1272008.9 | H15: 9288789.9 | I15: 25134583 | J15: 9838207.9 | K15: 2095864.9 | L15: 4046853.6 | M15: 576829.85 | N15: 19540274 | O15: 6794664.4 | P15: 12745610 | Q15: 2374316.4 | R15: 2192433.3 | S15: 16170854 | T15: 7347130.9 | U15: 8163117.1 | V15: 1866809.2 | W15: 816419.69 | X15: 0
A16: Курская область | B16: 3.7901126e+08 | C16: 62634001 | D16: 31401560 | E16: 66469683 | F16: 26684106 | G16: 2304454.7 | H16: 24844154 | I16: 36382358 | J16: 16432199 | K16: 3030001.7 | L16: 4510080.6 | M16: 1077427.4 | N16: 34062223 | O16: 11829866 | P16: 22232357 | Q16: 9240670.4 | R16: 4288663.3 | S16: 22322377 | T16: 14487467 | U16: 14721395 | V16: 2275895.6 | W16: 1842546.5 | X16: 0
A17: Липецкая область | B17: 5.0126353e+08 | C17: 58828975 | D17: 2272774.8 | E17: 1.9467558e+08 | F17: 8843489.4 | G17: 3697810.5 | H17: 38652811 | I17: 48012230 | J17: 17095008 | K17: 3244861.3 | L17: 8185190.7 | M17: 575636 | N17: 48056341 | O17: 11720795 | P17: 36335545 | Q17: 5461250.3 | R17: 6995063.6 | S17: 23635243 | T17: 12248097 | U17: 15973556 | V17: 2412536.9 | W17: 2397075.1 | X17: 0
A18: Московская область | B18: 4.206506e+09 | C18: 58797626 | D18: 6426244.4 | E18: 7.3904413e+08 | F18: 1.1148624e+08 | G18: 22125753 | H18: 2.1476954e+08 | I18: 9.1761681e+08 | J18: 2.6388891e+08 | K18: 44179419 | L18: 50861980 | M18: 14381976 | N18: 8.0569153e+08 | O18: 3.2079063e+08 | P18: 4.849009e+08 | Q18: 2.3738991e+08 | R18: 56931142 | S18: 3.5358148e+08 | T18: 1.036324e+08 | U18: 1.510364e+08 | V18: 34848313 | W18: 19816156 | X18: 0
